{"type":"FeatureCollection","name":"municipios_boyaca","crs":null,"features":[{"type":"Feature","properties":{"codigo_municipio":"15001","municipio":"TUNJA"},"geometry":{"type":"Polygon","coordinates":[[[-73.34014,5.58308],[-73.33196,5.57596],[-73.32152,5.58323],[-73.30709,5.571],[-73.30395,5.56135],[-73.30808,5.54324],[-73.31964,5.54343],[-73.32049,5.53018],[-73.3237,5.52596],[-73.33509,5.52405],[-73.34027,5.52656],[-73.34343,5.51851],[-73.35761,5.49822],[-73.34848,5.49235],[-73.35375,5.48171],[-73.36119,5.47411],[-73.36589,5.47346],[-73.38799,5.45904],[-73.39439,5.45664],[-73.39889,5.45839],[-73.40415,5.4497],[-73.41058,5.45275],[-73.42113,5.44637],[-73.42156,5.44898],[-73.43449,5.45242],[-73.438,5.46006],[-73.44322,5.4624],[-73.44727,5.46908],[-73.43232,5.48587],[-73.42051,5.49388],[-73.41617,5.50382],[-73.4076,5.51041],[-73.41274,5.51544],[-73.41521,5.52249],[-73.42515,5.52981],[-73.42256,5.5401],[-73.42595,5.55726],[-73.41198,5.5669],[-73.40039,5.55964],[-73.39606,5.56086],[-73.39082,5.55733],[-73.38492,5.56156],[-73.37887,5.55831],[-73.36565,5.55911],[-73.36199,5.55583],[-73.35615,5.57259],[-73.3495,5.57725],[-73.3456,5.57679],[-73.34253,5.58303],[-73.34014,5.58308]]]}},{"type":"Feature","properties":{"codigo_municipio":"15022","municipio":"ALMEIDA"},"geometry":{"type":"Polygon","coordinates":[[[-73.36793,5.01349],[-73.36445,5.01426],[-73.35602,5.00342],[-73.35613,4.9941],[-73.35227,4.98489],[-73.34305,4.97681],[-73.35129,4.96985],[-73.3545,4.95071],[-73.35831,4.94422],[-73.36414,4.93966],[-73.36855,4.93976],[-73.37461,4.92944],[-73.38411,4.92495],[-73.38722,4.92085],[-73.3957,4.9221],[-73.40127,4.91906],[-73.40913,4.90578],[-73.42895,4.90404],[-73.4392,4.90724],[-73.43814,4.91897],[-73.43314,4.92935],[-73.42273,4.94506],[-73.41718,4.9493],[-73.41426,4.94894],[-73.40175,4.96166],[-73.39304,4.98043],[-73.39089,4.98078],[-73.38655,4.99643],[-73.38221,4.99914],[-73.38113,5.00615],[-73.3775,5.00861],[-73.37693,5.01591],[-73.36793,5.01349]]]}},{"type":"Feature","properties":{"codigo_municipio":"15047","municipio":"AQUITANIA"},"geometry":{"type":"Polygon","coordinates":[[[-72.76309,5.64322],[-72.76286,5.63893],[-72.75399,5.63865],[-72.75192,5.6308],[-72.74678,5.62899],[-72.74724,5.6173],[-72.74322,5.6096],[-72.74005,5.60895],[-72.73172,5.61732],[-72.72431,5.6187],[-72.71656,5.62499],[-72.7133,5.62498],[-72.71203,5.61938],[-72.70811,5.61624],[-72.73036,5.59356],[-72.73162,5.58465],[-72.73862,5.57449],[-72.74462,5.57024],[-72.745,5.56474],[-72.71889,5.55765],[-72.70657,5.5603],[-72.69914,5.55646],[-72.68953,5.55967],[-72.68235,5.54414],[-72.66894,5.53653],[-72.66253,5.53878],[-72.65603,5.52068],[-72.65633,5.50075],[-72.68014,5.49402],[-72.6827,5.49069],[-72.67946,5.48114],[-72.66678,5.46002],[-72.65243,5.44931],[-72.66713,5.43607],[-72.66677,5.4416],[-72.6785,5.45121],[-72.69525,5.43928],[-72.70395,5.44523],[-72.70783,5.45275],[-72.70872,5.45718],[-72.70617,5.46],[-72.70838,5.46335],[-72.70754,5.47901],[-72.7131,5.48421],[-72.72717,5.48674],[-72.72845,5.48014],[-72.73658,5.47089],[-72.74994,5.46743],[-72.75852,5.45662],[-72.77151,5.44946],[-72.78011,5.43945],[-72.78495,5.43706],[-72.7971,5.41605],[-72.7978,5.39581],[-72.8051,5.39425],[-72.81393,5.38515],[-72.81498,5.3808],[-72.81211,5.378],[-72.82071,5.37013],[-72.84176,5.36359],[-72.84564,5.35402],[-72.8554,5.34191],[-72.86687,5.34065],[-72.86643,5.35258],[-72.88271,5.36323],[-72.88569,5.3588],[-72.88575,5.35165],[-72.87841,5.34992],[-72.88194,5.34742],[-72.88953,5.33154],[-72.88778,5.31613],[-72.89569,5.30692],[-72.90068,5.29534],[-72.89184,5.28637],[-72.89537,5.27309],[-72.89502,5.26531],[-72.89805,5.2589],[-72.91127,5.24414],[-72.91808,5.22823],[-72.92276,5.22316],[-72.92326,5.21534],[-72.92888,5.20746],[-72.93733,5.20412],[-72.93491,5.20763],[-72.93672,5.21054],[-72.93526,5.21327],[-72.94496,5.21025],[-72.95112,5.21329],[-72.97503,5.19687],[-72.98283,5.19627],[-72.99332,5.20871],[-73.01006,5.21452],[-72.99541,5.24463],[-72.99524,5.25443],[-72.99807,5.25901],[-73.00899,5.26074],[-73.01438,5.26575],[-73.02841,5.28758],[-73.02805,5.29992],[-73.04202,5.31075],[-73.04165,5.31419],[-73.04653,5.32138],[-73.04013,5.32788],[-73.04488,5.34093],[-73.04642,5.35382],[-73.03454,5.37044],[-73.02974,5.37119],[-73.01625,5.38462],[-73.00966,5.38688],[-73.00861,5.39352],[-73.01282,5.39582],[-73.00909,5.39934],[-73.00266,5.41448],[-72.99584,5.4192],[-72.99213,5.42699],[-72.9926,5.43377],[-72.98663,5.44189],[-72.99145,5.45983],[-72.98518,5.46688],[-72.96882,5.47037],[-72.95563,5.49864],[-72.9423,5.51228],[-72.92374,5.53759],[-72.92074,5.55372],[-72.92576,5.56724],[-72.90172,5.58008],[-72.89841,5.58584],[-72.90031,5.59814],[-72.89835,5.60772],[-72.89545,5.61064],[-72.89629,5.61401],[-72.89304,5.61444],[-72.88254,5.60636],[-72.85891,5.6004],[-72.84743,5.60012],[-72.84375,5.59616],[-72.83644,5.59616],[-72.81106,5.5837],[-72.78803,5.62907],[-72.77508,5.64141],[-72.76741,5.64482],[-72.76346,5.64501],[-72.76309,5.64322]]]}},{"type":"Feature","properties":{"codigo_municipio":"15051","municipio":"ARCABUCO"},"geometry":{"type":"Polygon","coordinates":[[[-73.50487,5.84348],[-73.50026,5.8437],[-73.49413,5.8384],[-73.49154,5.83887],[-73.4923,5.83058],[-73.47688,5.82785],[-73.47156,5.8216],[-73.47348,5.81683],[-73.45966,5.81324],[-73.44891,5.80335],[-73.43589,5.7982],[-73.43019,5.78993],[-73.43186,5.78191],[-73.42713,5.77637],[-73.43206,5.77081],[-73.43003,5.7665],[-73.41712,5.76864],[-73.40995,5.76234],[-73.39729,5.75838],[-73.39048,5.75107],[-73.38173,5.76053],[-73.37984,5.75189],[-73.37688,5.74914],[-73.37962,5.74565],[-73.37406,5.74166],[-73.37909,5.72363],[-73.36781,5.715],[-73.3652,5.70378],[-73.35575,5.70463],[-73.35037,5.69724],[-73.34793,5.68501],[-73.34184,5.67973],[-73.34434,5.67881],[-73.34731,5.6704],[-73.36238,5.66384],[-73.3818,5.67256],[-73.38583,5.6933],[-73.39764,5.70255],[-73.40077,5.71445],[-73.4111,5.71228],[-73.41612,5.70697],[-73.42174,5.70565],[-73.42402,5.7077],[-73.42934,5.70448],[-73.4484,5.71833],[-73.45176,5.72561],[-73.45942,5.72692],[-73.4752,5.71679],[-73.47728,5.72241],[-73.48513,5.72303],[-73.50439,5.71723],[-73.50728,5.72477],[-73.49388,5.74539],[-73.50773,5.75328],[-73.50879,5.75731],[-73.49926,5.77389],[-73.50055,5.77798],[-73.4974,5.78274],[-73.50008,5.78644],[-73.48651,5.80328],[-73.51402,5.83158],[-73.51093,5.83358],[-73.50774,5.83218],[-73.50625,5.83474],[-73.5131,5.84695],[-73.50487,5.84348]]]}},{"type":"Feature","properties":{"codigo_municipio":"15087","municipio":"BELÉN"},"geometry":{"type":"Polygon","coordinates":[[[-72.91692,6.08612],[-72.91637,6.07646],[-72.89602,6.05655],[-72.89462,6.05212],[-72.88661,6.04746],[-72.88528,6.04435],[-72.8768,6.04298],[-72.8709,6.03928],[-72.86898,6.03109],[-72.87045,6.02322],[-72.86206,6.01304],[-72.84647,6.00713],[-72.83843,6.01488],[-72.83332,6.01084],[-72.82855,6.0131],[-72.82413,6.01027],[-72.82425,6.01243],[-72.81681,6.0163],[-72.8109,6.0239],[-72.80389,6.01673],[-72.79577,6.01903],[-72.79518,6.0125],[-72.79141,6.00655],[-72.7964,5.99484],[-72.80955,5.98669],[-72.81341,5.97965],[-72.82348,5.97393],[-72.82859,5.97434],[-72.8326,5.96988],[-72.83492,5.96174],[-72.84232,5.95711],[-72.85054,5.95579],[-72.85389,5.94848],[-72.86828,5.94025],[-72.87316,5.9422],[-72.87743,5.94803],[-72.88269,5.93993],[-72.88544,5.94051],[-72.88988,5.9353],[-72.89941,5.94163],[-72.91411,5.94411],[-72.91691,5.9494],[-72.91698,5.9565],[-72.93341,5.96914],[-72.93098,5.97136],[-72.93675,5.97657],[-72.9474,5.98192],[-72.95217,5.99364],[-72.95797,5.99653],[-72.95869,6.00181],[-72.96764,6.01028],[-72.96695,6.01408],[-72.9704,6.02212],[-72.96266,6.02743],[-72.95888,6.03839],[-72.96066,6.04277],[-72.95364,6.04751],[-72.95496,6.05392],[-72.95245,6.05967],[-72.95274,6.06745],[-72.94738,6.0708],[-72.94455,6.07651],[-72.93515,6.07692],[-72.93261,6.08493],[-72.92277,6.08793],[-72.92337,6.09835],[-72.92064,6.09648],[-72.91692,6.08612]]]}},{"type":"Feature","properties":{"codigo_municipio":"15090","municipio":"BERBEO"},"geometry":{"type":"Polygon","coordinates":[[[-73.0677,5.27048],[-73.07347,5.25974],[-73.0833,5.25518],[-73.08641,5.25064],[-73.10143,5.24064],[-73.10102,5.23316],[-73.10594,5.22224],[-73.10165,5.20977],[-73.08923,5.20235],[-73.08038,5.20148],[-73.0778,5.19589],[-73.07354,5.19736],[-73.07111,5.18957],[-73.06647,5.18582],[-73.07266,5.16657],[-73.08285,5.16012],[-73.08905,5.16072],[-73.09378,5.16805],[-73.09818,5.17013],[-73.10483,5.18519],[-73.10391,5.19297],[-73.12309,5.20769],[-73.12926,5.20881],[-73.14845,5.2302],[-73.13613,5.24677],[-73.1267,5.254],[-73.11654,5.27053],[-73.11201,5.27037],[-73.10792,5.27721],[-73.10161,5.28124],[-73.06388,5.30057],[-73.0677,5.27048]]]}},{"type":"Feature","properties":{"codigo_municipio":"15092","municipio":"BETÉITIVA"},"geometry":{"type":"Polygon","coordinates":[[[-72.81796,5.97422],[-72.81539,5.96536],[-72.79456,5.96426],[-72.77921,5.95449],[-72.78541,5.94999],[-72.79269,5.93135],[-72.80185,5.92949],[-72.79611,5.91978],[-72.79814,5.91771],[-72.79759,5.90694],[-72.80096,5.90063],[-72.81616,5.89243],[-72.83148,5.87535],[-72.84814,5.87843],[-72.85758,5.86618],[-72.86541,5.86818],[-72.87216,5.87284],[-72.87239,5.884],[-72.88038,5.88641],[-72.88988,5.88495],[-72.89393,5.88713],[-72.90712,5.90612],[-72.90681,5.914],[-72.90917,5.91654],[-72.9185,5.91841],[-72.92527,5.92858],[-72.91413,5.94488],[-72.91093,5.9426],[-72.89901,5.94147],[-72.89015,5.9353],[-72.88544,5.94051],[-72.88269,5.93993],[-72.87743,5.94803],[-72.87316,5.9422],[-72.86828,5.94025],[-72.85389,5.94848],[-72.85054,5.95579],[-72.84232,5.95711],[-72.83492,5.96174],[-72.8326,5.96988],[-72.82859,5.97434],[-72.82348,5.97393],[-72.81831,5.97802],[-72.81796,5.97422]]]}},{"type":"Feature","properties":{"codigo_municipio":"15097","municipio":"BOAVITA"},"geometry":{"type":"Polygon","coordinates":[[[-72.64907,6.4364],[-72.62343,6.4407],[-72.62575,6.42313],[-72.62235,6.41391],[-72.61942,6.41127],[-72.615,6.41278],[-72.60911,6.40866],[-72.60262,6.41079],[-72.59956,6.40098],[-72.59487,6.39479],[-72.59719,6.39244],[-72.59706,6.37926],[-72.59186,6.37321],[-72.58672,6.35916],[-72.57657,6.35362],[-72.57547,6.34407],[-72.56905,6.33704],[-72.56434,6.32688],[-72.57089,6.30993],[-72.57817,6.31027],[-72.58113,6.30756],[-72.5861,6.30962],[-72.588,6.2992],[-72.58319,6.29978],[-72.5854,6.29148],[-72.5828,6.28763],[-72.58428,6.28251],[-72.58107,6.28191],[-72.57968,6.27881],[-72.58736,6.26615],[-72.59063,6.26456],[-72.60217,6.27881],[-72.6024,6.27146],[-72.61071,6.24724],[-72.61818,6.23326],[-72.61857,6.22642],[-72.63558,6.21992],[-72.63519,6.22613],[-72.64056,6.23402],[-72.64023,6.24537],[-72.64278,6.25077],[-72.64034,6.26514],[-72.64232,6.26863],[-72.63997,6.2759],[-72.64278,6.28739],[-72.64688,6.29198],[-72.64397,6.30469],[-72.64467,6.31389],[-72.64915,6.32014],[-72.64851,6.32587],[-72.65178,6.32888],[-72.65209,6.34206],[-72.65719,6.35898],[-72.65433,6.38552],[-72.65833,6.40272],[-72.65632,6.40618],[-72.65949,6.41016],[-72.65815,6.41357],[-72.66324,6.42154],[-72.66311,6.42992],[-72.66581,6.43263],[-72.66062,6.4432],[-72.65541,6.44204],[-72.64907,6.4364]]]}},{"type":"Feature","properties":{"codigo_municipio":"15104","municipio":"BOYACÁ"},"geometry":{"type":"Polygon","coordinates":[[[-73.34806,5.47412],[-73.33764,5.46705],[-73.33853,5.45367],[-73.34264,5.4485],[-73.33604,5.4467],[-73.33462,5.44136],[-73.33844,5.43513],[-73.34155,5.43594],[-73.34888,5.43066],[-73.35249,5.43179],[-73.36812,5.41437],[-73.38471,5.40457],[-73.38835,5.41899],[-73.39131,5.42155],[-73.41548,5.41735],[-73.42634,5.40842],[-73.43362,5.41059],[-73.43622,5.4156],[-73.44092,5.41515],[-73.42532,5.43749],[-73.41756,5.44146],[-73.41576,5.44845],[-73.41151,5.45233],[-73.40367,5.44991],[-73.39889,5.45839],[-73.39439,5.45664],[-73.38799,5.45904],[-73.36589,5.47346],[-73.3514,5.4759],[-73.34806,5.47412]]]}},{"type":"Feature","properties":{"codigo_municipio":"15106","municipio":"BRICEÑO"},"geometry":{"type":"Polygon","coordinates":[[[-73.89118,5.73749],[-73.88569,5.73514],[-73.88786,5.72915],[-73.88414,5.72277],[-73.87722,5.72299],[-73.87534,5.72816],[-73.87307,5.72446],[-73.87519,5.71701],[-73.87787,5.71777],[-73.88306,5.7094],[-73.88031,5.70647],[-73.88754,5.68301],[-73.8935,5.67642],[-73.90041,5.67662],[-73.90139,5.67126],[-73.89682,5.67163],[-73.8998,5.66426],[-73.89529,5.66502],[-73.89233,5.65266],[-73.88922,5.65278],[-73.88341,5.645],[-73.87557,5.64491],[-73.8717,5.65069],[-73.86712,5.64982],[-73.86357,5.65283],[-73.8568,5.65147],[-73.86451,5.63775],[-73.87011,5.63887],[-73.8777,5.63612],[-73.8874,5.62531],[-73.89607,5.62301],[-73.89774,5.61961],[-73.90139,5.62135],[-73.90386,5.62937],[-73.91827,5.63482],[-73.92251,5.63905],[-73.93141,5.62813],[-73.93311,5.6321],[-73.93685,5.6328],[-73.9439,5.64606],[-73.944,5.65465],[-73.94139,5.65953],[-73.94606,5.66881],[-73.94407,5.6729],[-73.94984,5.68867],[-73.94571,5.69366],[-73.9456,5.6908],[-73.93994,5.68896],[-73.93361,5.70172],[-73.93407,5.70634],[-73.92875,5.70732],[-73.92602,5.71213],[-73.91608,5.71043],[-73.90962,5.7197],[-73.90835,5.72977],[-73.90464,5.73424],[-73.89937,5.7378],[-73.89118,5.73749]]]}},{"type":"Feature","properties":{"codigo_municipio":"15109","municipio":"BUENAVISTA"},"geometry":{"type":"Polygon","coordinates":[[[-73.91026,5.54931],[-73.91121,5.536],[-73.90745,5.53108],[-73.91163,5.52059],[-73.90976,5.51111],[-73.90614,5.50646],[-73.90964,5.50046],[-73.90912,5.49469],[-73.90294,5.48942],[-73.90433,5.4823],[-73.90116,5.47552],[-73.90376,5.45307],[-73.90109,5.4482],[-73.90643,5.44486],[-73.91252,5.43223],[-73.92045,5.43808],[-73.92843,5.43998],[-73.94218,5.43408],[-73.94708,5.42408],[-73.95502,5.43422],[-73.95549,5.43909],[-73.94987,5.44783],[-73.95095,5.44997],[-73.9662,5.45574],[-73.98061,5.45138],[-73.98668,5.45838],[-74.0097,5.46519],[-74.01813,5.46994],[-74.01944,5.47213],[-74.01507,5.47675],[-74.00803,5.49767],[-74.0011,5.50399],[-73.99922,5.50962],[-73.99424,5.51251],[-73.99005,5.52538],[-73.97816,5.52768],[-73.97505,5.53044],[-73.97007,5.52654],[-73.96279,5.5403],[-73.95899,5.54308],[-73.95351,5.54],[-73.94142,5.54044],[-73.93045,5.5461],[-73.92027,5.54334],[-73.91678,5.54875],[-73.91026,5.54931]]]}},{"type":"Feature","properties":{"codigo_municipio":"15114","municipio":"BUSBANZÁ"},"geometry":{"type":"Polygon","coordinates":[[[-72.86615,5.86874],[-72.8602,5.86788],[-72.8551,5.86231],[-72.84813,5.85955],[-72.85139,5.85732],[-72.85161,5.85001],[-72.85797,5.83738],[-72.85495,5.83391],[-72.85807,5.83217],[-72.85872,5.82629],[-72.86738,5.81666],[-72.88667,5.81754],[-72.89629,5.81209],[-72.89782,5.81659],[-72.89584,5.82361],[-72.89917,5.83672],[-72.89303,5.84649],[-72.8949,5.85399],[-72.89184,5.86576],[-72.8727,5.87475],[-72.86615,5.86874]]]}},{"type":"Feature","properties":{"codigo_municipio":"15131","municipio":"CALDAS"},"geometry":{"type":"Polygon","coordinates":[[[-73.86808,5.63763],[-73.86451,5.63775],[-73.86613,5.63513],[-73.85596,5.62508],[-73.85251,5.6265],[-73.85158,5.62153],[-73.85538,5.60406],[-73.84958,5.59981],[-73.84374,5.60134],[-73.84881,5.58952],[-73.84319,5.58147],[-73.84462,5.57201],[-73.84276,5.56653],[-73.84759,5.55568],[-73.84786,5.54565],[-73.85727,5.53092],[-73.87047,5.53287],[-73.8698,5.53058],[-73.87704,5.52223],[-73.88069,5.52543],[-73.88718,5.52017],[-73.88493,5.51889],[-73.88987,5.51242],[-73.89425,5.52262],[-73.89831,5.52381],[-73.8977,5.52836],[-73.90491,5.52931],[-73.91064,5.52374],[-73.90745,5.53108],[-73.91121,5.536],[-73.91005,5.5526],[-73.92442,5.56371],[-73.92589,5.57395],[-73.90985,5.59373],[-73.89621,5.62291],[-73.8874,5.62531],[-73.8777,5.63612],[-73.87011,5.63887],[-73.86808,5.63763]]]}},{"type":"Feature","properties":{"codigo_municipio":"15135","municipio":"CAMPOHERMOSO"},"geometry":{"type":"Polygon","coordinates":[[[-73.10244,5.10221],[-73.09391,5.09974],[-73.08541,5.10066],[-73.07124,5.09619],[-73.0675,5.08249],[-73.07486,5.07008],[-73.07241,5.06621],[-73.07342,5.06251],[-73.07986,5.04971],[-73.08703,5.04322],[-73.08462,5.04067],[-73.08618,5.03965],[-73.0792,5.03407],[-73.06964,5.03148],[-73.06464,5.02637],[-73.06307,5.01814],[-73.06533,5.01077],[-73.04717,5.02015],[-73.02731,5.02498],[-73.02737,4.99474],[-73.03486,4.98851],[-73.04197,4.98824],[-73.05001,4.99068],[-73.05656,4.99753],[-73.0639,4.98536],[-73.07085,4.98007],[-73.07657,4.97894],[-73.08082,4.97153],[-73.10463,4.95668],[-73.1123,4.95488],[-73.12185,4.93986],[-73.13588,4.93036],[-73.1412,4.92254],[-73.14213,4.91613],[-73.15955,4.90976],[-73.17055,4.89616],[-73.17645,4.89578],[-73.19739,4.91301],[-73.21309,4.90565],[-73.21284,4.91045],[-73.21521,4.90987],[-73.21521,4.91503],[-73.21868,4.91487],[-73.2199,4.91887],[-73.21656,4.92698],[-73.21061,4.93132],[-73.21329,4.93856],[-73.21075,4.94756],[-73.2174,4.95264],[-73.21663,4.96067],[-73.21998,4.96307],[-73.22291,4.97266],[-73.21919,4.98837],[-73.21598,4.99381],[-73.21229,4.99533],[-73.21289,5.00539],[-73.21599,5.00946],[-73.21422,5.01511],[-73.2156,5.01793],[-73.22206,5.01901],[-73.22571,5.02876],[-73.22955,5.03125],[-73.22645,5.038],[-73.22985,5.04164],[-73.22781,5.04782],[-73.23152,5.05945],[-73.24849,5.06898],[-73.2281,5.07752],[-73.22164,5.07263],[-73.20574,5.06977],[-73.18873,5.06308],[-73.1748,5.06698],[-73.16567,5.07478],[-73.1515,5.07409],[-73.1438,5.08302],[-73.14097,5.08314],[-73.12336,5.10008],[-73.11829,5.10231],[-73.11275,5.11191],[-73.10244,5.10221]]]}},{"type":"Feature","properties":{"codigo_municipio":"15162","municipio":"CERINZA"},"geometry":{"type":"Polygon","coordinates":[[[-72.96767,6.01097],[-72.95869,6.00181],[-72.95797,5.99653],[-72.95217,5.99364],[-72.9474,5.98192],[-72.93675,5.97657],[-72.93098,5.97136],[-72.93341,5.96914],[-72.91651,5.95569],[-72.91691,5.9494],[-72.91413,5.94488],[-72.9277,5.92442],[-72.93489,5.9231],[-72.93861,5.92899],[-72.9465,5.92681],[-72.95006,5.92899],[-72.95156,5.92678],[-72.95729,5.92875],[-72.95981,5.92744],[-72.96331,5.92994],[-72.97121,5.9263],[-72.98205,5.92827],[-73.00124,5.93839],[-73.00451,5.94413],[-73.00034,5.94843],[-73.00102,5.95065],[-73.00551,5.95908],[-73.01124,5.96311],[-73.00396,5.97134],[-72.99654,5.98544],[-72.99024,5.98935],[-72.98297,6.01002],[-72.97772,6.01089],[-72.97606,6.01693],[-72.96996,6.01949],[-72.96695,6.01408],[-72.96767,6.01097]]]}},{"type":"Feature","properties":{"codigo_municipio":"15172","municipio":"CHINAVITA"},"geometry":{"type":"Polygon","coordinates":[[[-73.34046,5.2805],[-73.33685,5.278],[-73.32759,5.25777],[-73.32032,5.24922],[-73.31999,5.24208],[-73.32475,5.23877],[-73.32044,5.23617],[-73.32007,5.23143],[-73.3096,5.22755],[-73.30348,5.21736],[-73.29436,5.21044],[-73.28346,5.20671],[-73.2958,5.19842],[-73.27052,5.1767],[-73.25806,5.17252],[-73.25649,5.16433],[-73.26058,5.15677],[-73.26777,5.1554],[-73.28532,5.16197],[-73.29806,5.15495],[-73.32609,5.14929],[-73.349,5.13995],[-73.35939,5.14063],[-73.36404,5.13676],[-73.36953,5.14453],[-73.37207,5.15514],[-73.37604,5.1549],[-73.38007,5.1604],[-73.3857,5.16302],[-73.38405,5.1663],[-73.38538,5.18332],[-73.3809,5.18957],[-73.38081,5.197],[-73.38686,5.20582],[-73.38699,5.21461],[-73.39238,5.21685],[-73.39517,5.22336],[-73.4041,5.23111],[-73.40269,5.24029],[-73.37904,5.26221],[-73.36417,5.26586],[-73.35905,5.27064],[-73.35768,5.27782],[-73.34735,5.2825],[-73.34046,5.2805]]]}},{"type":"Feature","properties":{"codigo_municipio":"15176","municipio":"CHIQUINQUIRÁ"},"geometry":{"type":"Polygon","coordinates":[[[-73.84811,5.70877],[-73.84042,5.7055],[-73.83924,5.70288],[-73.83351,5.70461],[-73.8299,5.70263],[-73.83395,5.69711],[-73.83179,5.69356],[-73.83584,5.67952],[-73.83488,5.66691],[-73.81895,5.65319],[-73.81616,5.64766],[-73.80591,5.64111],[-73.79378,5.64176],[-73.77986,5.63371],[-73.77925,5.637],[-73.77499,5.63444],[-73.77483,5.63681],[-73.7656,5.63802],[-73.75208,5.64649],[-73.74882,5.64265],[-73.73683,5.64245],[-73.72517,5.63347],[-73.70636,5.63197],[-73.70185,5.63657],[-73.69877,5.63601],[-73.69568,5.62886],[-73.69181,5.62967],[-73.68882,5.62735],[-73.68605,5.62958],[-73.70551,5.60551],[-73.71614,5.59566],[-73.71908,5.59603],[-73.71574,5.5913],[-73.71637,5.58127],[-73.72312,5.5766],[-73.7233,5.57111],[-73.72477,5.58051],[-73.74794,5.57829],[-73.75053,5.57555],[-73.76868,5.59264],[-73.77969,5.59512],[-73.77845,5.59088],[-73.78379,5.58608],[-73.78183,5.58443],[-73.78428,5.58169],[-73.78249,5.57891],[-73.78592,5.57822],[-73.78698,5.57444],[-73.78947,5.55299],[-73.80467,5.5714],[-73.81979,5.55288],[-73.83115,5.553],[-73.83953,5.54672],[-73.84786,5.54565],[-73.84759,5.55568],[-73.84256,5.56885],[-73.84461,5.57174],[-73.84319,5.58147],[-73.8488,5.58988],[-73.84374,5.60134],[-73.84958,5.59981],[-73.85522,5.60356],[-73.85158,5.62153],[-73.85251,5.6265],[-73.85596,5.62508],[-73.86616,5.63529],[-73.8568,5.65161],[-73.86357,5.65283],[-73.86712,5.64982],[-73.8717,5.65069],[-73.87557,5.64491],[-73.88369,5.64508],[-73.88922,5.65278],[-73.89233,5.65266],[-73.89529,5.66502],[-73.8998,5.66426],[-73.89683,5.67165],[-73.90139,5.67126],[-73.90007,5.67704],[-73.89452,5.67617],[-73.8909,5.67833],[-73.88626,5.69002],[-73.8654,5.69349],[-73.86222,5.69606],[-73.86238,5.70031],[-73.85774,5.70742],[-73.84811,5.70877]]]}},{"type":"Feature","properties":{"codigo_municipio":"15774","municipio":"SUSACÓN"},"geometry":{"type":"Polygon","coordinates":[[[-72.72769,6.29744],[-72.72273,6.29751],[-72.71969,6.29011],[-72.70587,6.28497],[-72.70337,6.27877],[-72.69595,6.27641],[-72.69298,6.27298],[-72.69128,6.26083],[-72.6875,6.25763],[-72.6753,6.25882],[-72.66201,6.27399],[-72.65951,6.26159],[-72.65062,6.2681],[-72.64827,6.27533],[-72.64123,6.27909],[-72.63983,6.27416],[-72.64232,6.26863],[-72.64034,6.26514],[-72.64252,6.24817],[-72.64023,6.24537],[-72.64046,6.23368],[-72.63519,6.22613],[-72.63575,6.21083],[-72.63201,6.20037],[-72.63415,6.19741],[-72.63538,6.18057],[-72.65988,6.17942],[-72.67251,6.18354],[-72.68069,6.183],[-72.6894,6.17747],[-72.69377,6.1676],[-72.70866,6.1623],[-72.71666,6.15652],[-72.72431,6.15886],[-72.73847,6.1579],[-72.74882,6.15154],[-72.76018,6.15444],[-72.76806,6.14993],[-72.76854,6.16519],[-72.76147,6.17374],[-72.767,6.17709],[-72.77933,6.17686],[-72.7827,6.18025],[-72.8026,6.17319],[-72.80905,6.16566],[-72.80941,6.15978],[-72.81311,6.16103],[-72.82071,6.15702],[-72.82541,6.15805],[-72.82466,6.16998],[-72.81961,6.17637],[-72.81957,6.18218],[-72.81126,6.19192],[-72.80977,6.20182],[-72.8037,6.20965],[-72.80374,6.21597],[-72.79337,6.21894],[-72.77963,6.21041],[-72.77502,6.21048],[-72.76774,6.21993],[-72.76188,6.21747],[-72.75495,6.21881],[-72.7494,6.22671],[-72.74468,6.22918],[-72.74453,6.23533],[-72.74876,6.2391],[-72.74792,6.24687],[-72.74993,6.2515],[-72.74379,6.25933],[-72.7458,6.26236],[-72.74586,6.27488],[-72.74202,6.27963],[-72.74007,6.28817],[-72.73315,6.29561],[-72.72769,6.29744]]]}},{"type":"Feature","properties":{"codigo_municipio":"15776","municipio":"SUTAMARCHÁN"},"geometry":{"type":"Polygon","coordinates":[[[-73.64719,5.70004],[-73.63634,5.69842],[-73.63245,5.69338],[-73.62259,5.69448],[-73.62138,5.68887],[-73.61815,5.68627],[-73.60295,5.68078],[-73.59351,5.68054],[-73.58801,5.67668],[-73.58064,5.67694],[-73.5768,5.67093],[-73.59115,5.64883],[-73.58883,5.64572],[-73.58968,5.63257],[-73.58262,5.63086],[-73.58027,5.62529],[-73.57903,5.60533],[-73.57679,5.60248],[-73.57992,5.59072],[-73.59665,5.58652],[-73.60799,5.57515],[-73.62224,5.56986],[-73.62636,5.57121],[-73.62936,5.58304],[-73.62524,5.60312],[-73.62959,5.60549],[-73.63254,5.61424],[-73.64334,5.61755],[-73.64512,5.61402],[-73.65578,5.60886],[-73.67026,5.61128],[-73.67386,5.61531],[-73.67167,5.6195],[-73.68075,5.63657],[-73.67081,5.66463],[-73.66864,5.67791],[-73.65652,5.69201],[-73.65322,5.70252],[-73.64719,5.70004]]]}},{"type":"Feature","properties":{"codigo_municipio":"15778","municipio":"SUTATENZA"},"geometry":{"type":"Polygon","coordinates":[[[-73.41836,5.05599],[-73.40571,5.04675],[-73.40111,5.05011],[-73.39379,5.04803],[-73.39462,5.03463],[-73.39124,5.02784],[-73.38912,5.01403],[-73.40253,5.00667],[-73.4264,5.00958],[-73.437,5.00331],[-73.43922,4.99781],[-73.44506,4.99424],[-73.44968,5.00049],[-73.45572,5.00341],[-73.45989,5.00025],[-73.46687,5.02286],[-73.48316,5.0358],[-73.47797,5.04929],[-73.47361,5.05151],[-73.46478,5.04907],[-73.45579,5.04967],[-73.44929,5.04559],[-73.44835,5.03995],[-73.43184,5.0371],[-73.42765,5.03805],[-73.42412,5.05],[-73.41836,5.05599]]]}},{"type":"Feature","properties":{"codigo_municipio":"15790","municipio":"TASCO"},"geometry":{"type":"Polygon","coordinates":[[[-72.74301,5.98571],[-72.73344,5.9511],[-72.72798,5.94647],[-72.72147,5.94882],[-72.71261,5.94165],[-72.71368,5.93776],[-72.72194,5.93497],[-72.72662,5.9296],[-72.71195,5.907],[-72.71021,5.89096],[-72.70389,5.88805],[-72.70147,5.87979],[-72.69467,5.87069],[-72.68451,5.86616],[-72.67336,5.86817],[-72.65321,5.88282],[-72.65274,5.89009],[-72.65697,5.89254],[-72.65069,5.90687],[-72.62724,5.90998],[-72.62219,5.91443],[-72.61999,5.91263],[-72.61624,5.90405],[-72.62391,5.88921],[-72.62258,5.88722],[-72.63006,5.85963],[-72.62706,5.84915],[-72.62776,5.84308],[-72.63163,5.82925],[-72.63705,5.82492],[-72.63934,5.81663],[-72.65238,5.81451],[-72.65496,5.8114],[-72.66451,5.80851],[-72.67027,5.809],[-72.68853,5.81726],[-72.68584,5.82218],[-72.68675,5.83208],[-72.70164,5.83578],[-72.72081,5.82598],[-72.73728,5.82251],[-72.74917,5.8151],[-72.75291,5.82578],[-72.75744,5.82772],[-72.7753,5.84771],[-72.78585,5.84486],[-72.7934,5.8528],[-72.79822,5.85394],[-72.80119,5.85192],[-72.8056,5.85444],[-72.81164,5.86453],[-72.81911,5.86994],[-72.82303,5.8777],[-72.82656,5.87859],[-72.81616,5.89243],[-72.80478,5.8974],[-72.80457,5.90007],[-72.80191,5.89924],[-72.79766,5.90676],[-72.79814,5.91771],[-72.79611,5.91978],[-72.80185,5.92949],[-72.79269,5.93135],[-72.78381,5.9523],[-72.77951,5.95403],[-72.76862,5.96564],[-72.7613,5.97673],[-72.75544,5.98177],[-72.74593,5.98472],[-72.74489,5.98747],[-72.74307,5.98788],[-72.74301,5.98571]]]}},{"type":"Feature","properties":{"codigo_municipio":"15798","municipio":"TENZA"},"geometry":{"type":"Polygon","coordinates":[[[-73.41786,5.11285],[-73.39775,5.10187],[-73.39143,5.08971],[-73.38389,5.08484],[-73.38667,5.07135],[-73.3902,5.06876],[-73.39002,5.05616],[-73.39379,5.04803],[-73.40111,5.05011],[-73.40571,5.04675],[-73.41902,5.05634],[-73.42417,5.04989],[-73.42765,5.03805],[-73.436,5.037],[-73.44835,5.03995],[-73.44929,5.04559],[-73.45541,5.04955],[-73.46478,5.04907],[-73.47481,5.05226],[-73.47482,5.05762],[-73.47964,5.06165],[-73.47817,5.06411],[-73.46524,5.06987],[-73.45342,5.07142],[-73.43979,5.08625],[-73.43285,5.08732],[-73.42722,5.10349],[-73.42283,5.10803],[-73.42449,5.11752],[-73.41973,5.12191],[-73.41786,5.11285]]]}},{"type":"Feature","properties":{"codigo_municipio":"15804","municipio":"TIBANÁ"},"geometry":{"type":"Polygon","coordinates":[[[-73.40797,5.37143],[-73.40158,5.35877],[-73.394,5.35672],[-73.3906,5.35964],[-73.38361,5.3581],[-73.3743,5.34629],[-73.37775,5.3414],[-73.376,5.33969],[-73.35656,5.33261],[-73.34681,5.31739],[-73.3293,5.31079],[-73.33193,5.30801],[-73.32721,5.29495],[-73.32335,5.29344],[-73.32402,5.2905],[-73.31757,5.28411],[-73.30837,5.27795],[-73.30899,5.27189],[-73.32957,5.26166],[-73.33707,5.27832],[-73.34735,5.2825],[-73.35814,5.27744],[-73.35905,5.27064],[-73.36417,5.26586],[-73.37904,5.26221],[-73.40134,5.24274],[-73.4054,5.25488],[-73.40795,5.25511],[-73.43263,5.25092],[-73.44377,5.24367],[-73.44943,5.24671],[-73.45064,5.25343],[-73.44675,5.2604],[-73.44592,5.27001],[-73.44875,5.27501],[-73.44794,5.27872],[-73.42943,5.3005],[-73.44172,5.2989],[-73.4492,5.30154],[-73.45191,5.3036],[-73.45176,5.30917],[-73.45458,5.31001],[-73.44785,5.31887],[-73.44817,5.32699],[-73.44014,5.33024],[-73.41872,5.35538],[-73.4166,5.363],[-73.4192,5.36676],[-73.41848,5.37148],[-73.40797,5.37143]]]}},{"type":"Feature","properties":{"codigo_municipio":"15806","municipio":"TIBASOSA"},"geometry":{"type":"Polygon","coordinates":[[[-73.00613,5.80756],[-72.99698,5.80805],[-72.99202,5.80513],[-72.98933,5.79102],[-72.98707,5.7903],[-72.9857,5.78305],[-72.97574,5.77517],[-72.96961,5.75389],[-72.96681,5.7545],[-72.96326,5.75025],[-72.96046,5.75023],[-72.95795,5.74657],[-72.95915,5.74416],[-72.95465,5.74457],[-72.95183,5.74803],[-72.94736,5.74604],[-72.94719,5.74873],[-72.94449,5.74604],[-72.94658,5.72877],[-72.94389,5.72398],[-72.94674,5.71493],[-72.96455,5.70863],[-72.9726,5.72055],[-72.99404,5.72019],[-72.99837,5.72282],[-73.00907,5.71963],[-73.02425,5.72445],[-73.03787,5.71003],[-73.0404,5.69953],[-73.05984,5.68707],[-73.05697,5.70192],[-73.06224,5.70282],[-73.06593,5.71656],[-73.06777,5.74689],[-73.06613,5.75004],[-73.06375,5.74847],[-73.06208,5.75065],[-73.05904,5.76174],[-73.05248,5.77253],[-73.05081,5.77388],[-73.04528,5.77247],[-73.04464,5.77006],[-73.04188,5.77086],[-73.04102,5.77534],[-73.03394,5.78067],[-73.02854,5.77863],[-73.02285,5.7818],[-73.02099,5.7876],[-73.01667,5.79143],[-73.01772,5.79842],[-73.01457,5.80757],[-73.00953,5.80742],[-73.01076,5.80926],[-73.00613,5.80756]]]}},{"type":"Feature","properties":{"codigo_municipio":"15808","municipio":"TINJACÁ"},"geometry":{"type":"Polygon","coordinates":[[[-73.66858,5.61067],[-73.66654,5.60963],[-73.66479,5.61166],[-73.65578,5.60886],[-73.64512,5.61402],[-73.64334,5.61755],[-73.63258,5.61428],[-73.62959,5.60549],[-73.62524,5.60312],[-73.62937,5.58329],[-73.62461,5.56978],[-73.63649,5.56334],[-73.6453,5.55184],[-73.65492,5.55016],[-73.66458,5.53844],[-73.67195,5.54031],[-73.67834,5.5456],[-73.67865,5.54167],[-73.69275,5.52522],[-73.69985,5.52515],[-73.70738,5.53065],[-73.70599,5.53464],[-73.71655,5.53485],[-73.72005,5.53737],[-73.7219,5.55297],[-73.71328,5.57706],[-73.71288,5.58519],[-73.71908,5.59603],[-73.71614,5.59566],[-73.70551,5.60551],[-73.68075,5.63657],[-73.67167,5.6195],[-73.67386,5.61531],[-73.66858,5.61067]]]}},{"type":"Feature","properties":{"codigo_municipio":"15810","municipio":"TIPACOQUE"},"geometry":{"type":"Polygon","coordinates":[[[-72.66064,6.442],[-72.66581,6.43263],[-72.66311,6.42992],[-72.66324,6.42154],[-72.65815,6.41357],[-72.65949,6.41016],[-72.65632,6.40618],[-72.65833,6.40272],[-72.65436,6.38577],[-72.65503,6.3779],[-72.6678,6.37741],[-72.67086,6.37932],[-72.67474,6.37771],[-72.6846,6.38603],[-72.68729,6.38353],[-72.7011,6.38484],[-72.70836,6.38013],[-72.71422,6.38365],[-72.7189,6.37363],[-72.72577,6.37163],[-72.72971,6.38315],[-72.73295,6.38526],[-72.73503,6.41594],[-72.73353,6.43561],[-72.73798,6.44027],[-72.71674,6.44231],[-72.71349,6.45044],[-72.70603,6.45526],[-72.69655,6.46956],[-72.68166,6.48309],[-72.67815,6.4807],[-72.67624,6.47286],[-72.66697,6.45969],[-72.66064,6.442]]]}},{"type":"Feature","properties":{"codigo_municipio":"15814","municipio":"TOCA"},"geometry":{"type":"Polygon","coordinates":[[[-73.17657,5.63553],[-73.16541,5.62401],[-73.15892,5.62822],[-73.14791,5.62562],[-73.14277,5.62993],[-73.13546,5.62946],[-73.13005,5.63374],[-73.11672,5.62562],[-73.1113,5.62498],[-73.10413,5.62782],[-73.09758,5.62218],[-73.07944,5.61809],[-73.0855,5.60339],[-73.08923,5.58475],[-73.10398,5.55929],[-73.10553,5.5485],[-73.11335,5.53719],[-73.11586,5.52472],[-73.12901,5.51498],[-73.135,5.50562],[-73.14984,5.51474],[-73.17721,5.52589],[-73.19496,5.53703],[-73.19757,5.54282],[-73.20464,5.54228],[-73.21004,5.5495],[-73.2151,5.5453],[-73.21776,5.54605],[-73.22184,5.55227],[-73.22864,5.5545],[-73.23102,5.56374],[-73.24862,5.5697],[-73.24233,5.57598],[-73.2324,5.59765],[-73.21901,5.6131],[-73.2118,5.63034],[-73.19343,5.64246],[-73.1893,5.65185],[-73.18589,5.65006],[-73.18313,5.64254],[-73.17657,5.63553]]]}},{"type":"Feature","properties":{"codigo_municipio":"15816","municipio":"TOGÜÍ"},"geometry":{"type":"Polygon","coordinates":[[[-73.48291,5.98112],[-73.46908,5.97433],[-73.46531,5.9688],[-73.46385,5.96009],[-73.45524,5.9538],[-73.45449,5.94306],[-73.46089,5.93254],[-73.43291,5.89881],[-73.43932,5.89847],[-73.44449,5.902],[-73.4569,5.89036],[-73.44888,5.87977],[-73.45123,5.86665],[-73.46031,5.85015],[-73.46382,5.84836],[-73.46919,5.85457],[-73.48058,5.86002],[-73.49055,5.87099],[-73.49742,5.87113],[-73.50397,5.87567],[-73.504,5.88183],[-73.50762,5.88407],[-73.50649,5.89133],[-73.50968,5.88886],[-73.51235,5.8943],[-73.52448,5.89338],[-73.52718,5.89984],[-73.54222,5.91189],[-73.54291,5.91451],[-73.53289,5.91804],[-73.52842,5.92384],[-73.52694,5.93455],[-73.53042,5.93829],[-73.52792,5.94087],[-73.53203,5.94452],[-73.53477,5.94403],[-73.53798,5.94856],[-73.54987,5.95069],[-73.54476,5.95572],[-73.53281,5.96074],[-73.52215,5.97116],[-73.51337,5.97159],[-73.49604,5.98692],[-73.48291,5.98112]]]}},{"type":"Feature","properties":{"codigo_municipio":"15820","municipio":"TÓPAGA"},"geometry":{"type":"Polygon","coordinates":[[[-72.82669,5.79598],[-72.80598,5.78672],[-72.79631,5.77238],[-72.81228,5.75678],[-72.81524,5.75079],[-72.82075,5.75116],[-72.82535,5.73672],[-72.83672,5.74044],[-72.84793,5.73882],[-72.85268,5.75191],[-72.86303,5.74972],[-72.87109,5.74197],[-72.87385,5.74393],[-72.87693,5.75205],[-72.8774,5.76432],[-72.88311,5.76969],[-72.87777,5.7711],[-72.86704,5.76851],[-72.86348,5.77079],[-72.86412,5.77253],[-72.85808,5.7751],[-72.85469,5.77413],[-72.8398,5.78405],[-72.83212,5.7977],[-72.82669,5.79598]]]}},{"type":"Feature","properties":{"codigo_municipio":"15822","municipio":"TOTA"},"geometry":{"type":"Polygon","coordinates":[[[-73.00477,5.5929],[-72.98805,5.57789],[-72.98503,5.58284],[-72.9765,5.57087],[-72.95,5.55427],[-72.92576,5.56724],[-72.92074,5.55372],[-72.92104,5.5465],[-72.9297,5.52839],[-72.95982,5.49231],[-72.96882,5.47037],[-72.98518,5.46688],[-72.99145,5.45983],[-72.98663,5.44189],[-72.9926,5.43377],[-72.99213,5.42699],[-72.99584,5.4192],[-73.00266,5.41448],[-73.00909,5.39934],[-73.01282,5.39582],[-73.00861,5.39352],[-73.00966,5.38688],[-73.01625,5.38462],[-73.04526,5.35952],[-73.05123,5.37825],[-73.04212,5.38424],[-73.04552,5.38455],[-73.04745,5.3893],[-73.05419,5.39441],[-73.05499,5.40446],[-73.05104,5.41427],[-73.04806,5.41353],[-73.03916,5.42798],[-73.03979,5.43196],[-73.05499,5.42885],[-73.06138,5.42319],[-73.06505,5.42621],[-73.06609,5.43459],[-73.07192,5.43634],[-73.06794,5.44443],[-73.06592,5.45889],[-73.06054,5.46586],[-73.06373,5.47119],[-73.05931,5.47616],[-73.05789,5.48647],[-73.04348,5.51372],[-73.04301,5.52696],[-73.02563,5.55955],[-73.00934,5.57698],[-73.01231,5.57921],[-73.01267,5.59006],[-73.00477,5.5929]]]}},{"type":"Feature","properties":{"codigo_municipio":"15832","municipio":"TUNUNGUÁ"},"geometry":{"type":"Polygon","coordinates":[[[-73.92332,5.74185],[-73.91879,5.73696],[-73.90447,5.74011],[-73.89982,5.73748],[-73.90835,5.72977],[-73.90791,5.72345],[-73.9155,5.71092],[-73.9184,5.70954],[-73.92602,5.71213],[-73.92875,5.70732],[-73.93407,5.70634],[-73.93361,5.70172],[-73.93994,5.68896],[-73.9456,5.6908],[-73.94632,5.69493],[-73.95048,5.69891],[-73.97145,5.70284],[-73.97246,5.70725],[-73.97561,5.70929],[-73.97545,5.71544],[-73.9814,5.72073],[-73.96607,5.73751],[-73.95591,5.74013],[-73.94387,5.73609],[-73.93664,5.74005],[-73.92975,5.73939],[-73.92548,5.74307],[-73.92332,5.74185]]]}},{"type":"Feature","properties":{"codigo_municipio":"15835","municipio":"TURMEQUÉ"},"geometry":{"type":"Polygon","coordinates":[[[-73.4777,5.3694],[-73.48164,5.3546],[-73.47162,5.34463],[-73.46833,5.33205],[-73.47187,5.32296],[-73.46864,5.31742],[-73.47401,5.31125],[-73.47469,5.30563],[-73.48011,5.29708],[-73.47817,5.28828],[-73.48418,5.28012],[-73.48445,5.27498],[-73.49715,5.2556],[-73.50522,5.25119],[-73.50773,5.24404],[-73.51472,5.23864],[-73.51479,5.23269],[-73.52496,5.23879],[-73.52818,5.24683],[-73.52644,5.2575],[-73.53368,5.27135],[-73.53185,5.27799],[-73.53642,5.28513],[-73.54674,5.29347],[-73.54803,5.29964],[-73.54613,5.30076],[-73.55313,5.31174],[-73.54878,5.3244],[-73.55142,5.32924],[-73.53968,5.3412],[-73.52618,5.34154],[-73.52212,5.34573],[-73.51289,5.33959],[-73.50496,5.35233],[-73.49265,5.36345],[-73.48507,5.36884],[-73.4777,5.3694]]]}},{"type":"Feature","properties":{"codigo_municipio":"15837","municipio":"TUTA"},"geometry":{"type":"Polygon","coordinates":[[[-73.2671,5.66551],[-73.26305,5.67114],[-73.26101,5.68486],[-73.26615,5.68394],[-73.27079,5.68644],[-73.264,5.70361],[-73.25445,5.70632],[-73.2518,5.70465],[-73.24833,5.70805],[-73.24406,5.70689],[-73.23112,5.71406],[-73.2224,5.72807],[-73.20355,5.73656],[-73.19945,5.74156],[-73.20155,5.73768],[-73.20002,5.73386],[-73.19127,5.72869],[-73.19249,5.72462],[-73.18064,5.7163],[-73.17779,5.72104],[-73.18057,5.72522],[-73.17559,5.72396],[-73.15584,5.72737],[-73.15842,5.71978],[-73.13704,5.70247],[-73.12961,5.69914],[-73.12109,5.68992],[-73.10735,5.67022],[-73.10813,5.66089],[-73.10263,5.65927],[-73.10327,5.65439],[-73.08505,5.64122],[-73.08005,5.63004],[-73.07605,5.62845],[-73.07846,5.6251],[-73.07624,5.62011],[-73.07831,5.61742],[-73.09469,5.62123],[-73.10413,5.62782],[-73.1113,5.62498],[-73.11651,5.62557],[-73.13005,5.63374],[-73.13546,5.62946],[-73.14277,5.62993],[-73.14791,5.62562],[-73.15892,5.62822],[-73.16555,5.62405],[-73.1893,5.65185],[-73.19146,5.64441],[-73.2118,5.63034],[-73.2131,5.62644],[-73.22007,5.62486],[-73.22298,5.62585],[-73.22302,5.62841],[-73.22351,5.62624],[-73.22928,5.62609],[-73.22863,5.63685],[-73.2318,5.63202],[-73.23177,5.62666],[-73.24297,5.63113],[-73.24497,5.6275],[-73.25703,5.64028],[-73.25597,5.6566],[-73.2671,5.66551]]]}},{"type":"Feature","properties":{"codigo_municipio":"15839","municipio":"TUTAZÁ"},"geometry":{"type":"Polygon","coordinates":[[[-72.82934,6.14308],[-72.83161,6.13768],[-72.83448,6.13742],[-72.83749,6.13256],[-72.83544,6.12524],[-72.82549,6.12059],[-72.82313,6.11701],[-72.82504,6.11815],[-72.82709,6.11447],[-72.82161,6.10834],[-72.817,6.10625],[-72.81174,6.10838],[-72.80851,6.10461],[-72.81415,6.08201],[-72.81018,6.05801],[-72.81132,6.04789],[-72.81521,6.04054],[-72.81241,6.02322],[-72.81645,6.01663],[-72.82425,6.01243],[-72.82413,6.01027],[-72.82855,6.0131],[-72.83332,6.01084],[-72.83843,6.01488],[-72.8471,6.00718],[-72.86206,6.01304],[-72.87045,6.02322],[-72.86898,6.03109],[-72.8709,6.03928],[-72.8768,6.04298],[-72.88528,6.04435],[-72.91613,6.07617],[-72.91698,6.08757],[-72.92337,6.09835],[-72.91513,6.10807],[-72.90862,6.10685],[-72.90014,6.11246],[-72.89788,6.12185],[-72.895,6.12387],[-72.88895,6.1226],[-72.87252,6.12512],[-72.86939,6.13373],[-72.87154,6.14213],[-72.86843,6.14452],[-72.84344,6.1438],[-72.83159,6.14857],[-72.82853,6.15288],[-72.82934,6.14308]]]}},{"type":"Feature","properties":{"codigo_municipio":"15842","municipio":"ÚMBITA"},"geometry":{"type":"Polygon","coordinates":[[[-73.44172,5.2989],[-73.42946,5.30025],[-73.43426,5.29708],[-73.43214,5.2959],[-73.44794,5.27872],[-73.44875,5.27501],[-73.44592,5.27001],[-73.44675,5.2604],[-73.45064,5.25343],[-73.44943,5.24671],[-73.44377,5.24367],[-73.432,5.25111],[-73.4054,5.25488],[-73.40106,5.2453],[-73.4041,5.23111],[-73.39517,5.22336],[-73.39238,5.21685],[-73.39953,5.21147],[-73.40682,5.1984],[-73.41199,5.19638],[-73.4165,5.18905],[-73.42512,5.18234],[-73.43739,5.15896],[-73.44869,5.1579],[-73.46209,5.15222],[-73.46692,5.15321],[-73.4772,5.14809],[-73.48242,5.15427],[-73.50502,5.15192],[-73.5122,5.16296],[-73.50992,5.16983],[-73.51196,5.17791],[-73.50861,5.18615],[-73.52286,5.19418],[-73.52159,5.20856],[-73.52454,5.21402],[-73.52345,5.22045],[-73.51547,5.23055],[-73.51472,5.23864],[-73.50773,5.24404],[-73.50522,5.25119],[-73.50062,5.25226],[-73.49216,5.26226],[-73.478,5.28944],[-73.46796,5.29498],[-73.46485,5.29106],[-73.45191,5.3036],[-73.44172,5.2989]]]}},{"type":"Feature","properties":{"codigo_municipio":"15861","municipio":"VENTAQUEMADA"},"geometry":{"type":"Polygon","coordinates":[[[-73.44304,5.46228],[-73.438,5.46006],[-73.43449,5.45242],[-73.42156,5.44898],[-73.42113,5.44637],[-73.41576,5.44845],[-73.41756,5.44146],[-73.42532,5.43749],[-73.4404,5.41749],[-73.44201,5.39787],[-73.44753,5.38679],[-73.44954,5.38485],[-73.45331,5.3867],[-73.46063,5.37757],[-73.46728,5.37878],[-73.47676,5.37008],[-73.48844,5.36685],[-73.50496,5.35233],[-73.51289,5.33959],[-73.52221,5.34573],[-73.52618,5.34154],[-73.53468,5.3424],[-73.54275,5.33881],[-73.55186,5.32719],[-73.54878,5.3244],[-73.5529,5.3103],[-73.54613,5.30076],[-73.54977,5.29778],[-73.55436,5.29677],[-73.56724,5.30466],[-73.57732,5.30153],[-73.58784,5.30615],[-73.59955,5.3194],[-73.59306,5.33073],[-73.59365,5.33784],[-73.59068,5.344],[-73.59325,5.34694],[-73.59511,5.36288],[-73.59946,5.3703],[-73.59876,5.37834],[-73.58988,5.39049],[-73.59256,5.39844],[-73.5889,5.39854],[-73.57571,5.40691],[-73.57078,5.40763],[-73.56199,5.40449],[-73.55395,5.4068],[-73.54146,5.42069],[-73.53765,5.41929],[-73.53052,5.42455],[-73.52253,5.4219],[-73.51395,5.4292],[-73.50513,5.43079],[-73.49636,5.43875],[-73.49354,5.43895],[-73.4936,5.43674],[-73.49253,5.43881],[-73.48229,5.42857],[-73.47721,5.42698],[-73.47025,5.43664],[-73.45748,5.44794],[-73.44727,5.46908],[-73.44304,5.46228]]]}},{"type":"Feature","properties":{"codigo_municipio":"15879","municipio":"VIRACACHÁ"},"geometry":{"type":"Polygon","coordinates":[[[-73.27575,5.47445],[-73.26688,5.47456],[-73.26662,5.47109],[-73.26206,5.46683],[-73.26166,5.46131],[-73.24825,5.45816],[-73.247,5.45527],[-73.24477,5.45741],[-73.23351,5.45611],[-73.21838,5.44461],[-73.21204,5.42617],[-73.21787,5.41609],[-73.22101,5.41458],[-73.22199,5.40691],[-73.24324,5.40889],[-73.25745,5.40685],[-73.2682,5.41266],[-73.27359,5.41208],[-73.27634,5.41689],[-73.2829,5.41917],[-73.28624,5.41713],[-73.29388,5.41776],[-73.30252,5.42234],[-73.31488,5.42223],[-73.31821,5.42523],[-73.30605,5.44097],[-73.31436,5.44998],[-73.30991,5.46594],[-73.28314,5.48776],[-73.27588,5.48377],[-73.27575,5.47445]]]}},{"type":"Feature","properties":{"codigo_municipio":"15897","municipio":"ZETAQUIRA"},"geometry":{"type":"Polygon","coordinates":[[[-73.05217,5.37369],[-73.04768,5.37116],[-73.04635,5.36017],[-73.04311,5.36016],[-73.04659,5.35013],[-73.0401,5.32713],[-73.04653,5.32138],[-73.04161,5.31244],[-73.04838,5.30804],[-73.05803,5.3081],[-73.0611,5.30202],[-73.10161,5.28124],[-73.10792,5.27721],[-73.11201,5.27037],[-73.11654,5.27053],[-73.1267,5.254],[-73.14572,5.23552],[-73.14821,5.22902],[-73.16143,5.23909],[-73.16704,5.24002],[-73.17362,5.23662],[-73.19151,5.24003],[-73.19589,5.2361],[-73.20726,5.23594],[-73.21697,5.2288],[-73.21596,5.2182],[-73.2178,5.21105],[-73.22384,5.20606],[-73.22568,5.20079],[-73.24023,5.18924],[-73.25139,5.18903],[-73.25758,5.18496],[-73.26553,5.1914],[-73.26869,5.18953],[-73.27288,5.19285],[-73.28072,5.19197],[-73.29006,5.19764],[-73.2958,5.19842],[-73.27572,5.21385],[-73.25734,5.2188],[-73.25486,5.22647],[-73.24718,5.22965],[-73.2493,5.23269],[-73.25826,5.23697],[-73.26758,5.23815],[-73.27975,5.24598],[-73.27773,5.25701],[-73.27903,5.26092],[-73.28504,5.26576],[-73.28498,5.27298],[-73.28798,5.27707],[-73.28549,5.28851],[-73.27879,5.29155],[-73.27354,5.2986],[-73.26967,5.30039],[-73.2596,5.29153],[-73.26562,5.28728],[-73.24319,5.28799],[-73.23363,5.28512],[-73.21994,5.30071],[-73.20144,5.31608],[-73.19109,5.31714],[-73.18518,5.32076],[-73.18826,5.32536],[-73.17772,5.33479],[-73.17676,5.33915],[-73.17017,5.33998],[-73.15786,5.35078],[-73.14544,5.34911],[-73.14169,5.34242],[-73.13814,5.34818],[-73.12633,5.35734],[-73.11891,5.35039],[-73.10989,5.34821],[-73.07867,5.36748],[-73.06651,5.3693],[-73.06172,5.36646],[-73.05574,5.3687],[-73.05217,5.37369]]]}},{"type":"Feature","properties":{"codigo_municipio":"15180","municipio":"CHISCAS"},"geometry":{"type":"Polygon","coordinates":[[[-72.44104,6.84872],[-72.43,6.8454],[-72.42347,6.84895],[-72.40988,6.84037],[-72.39908,6.8425],[-72.39014,6.83904],[-72.3806,6.8415],[-72.37427,6.83918],[-72.36389,6.84162],[-72.3584,6.84867],[-72.35104,6.84991],[-72.34048,6.84625],[-72.34087,6.82998],[-72.33818,6.82449],[-72.33331,6.82379],[-72.32817,6.81781],[-72.31708,6.81454],[-72.30837,6.7925],[-72.29655,6.78506],[-72.29551,6.78112],[-72.29239,6.7621],[-72.30698,6.75885],[-72.29956,6.74996],[-72.29577,6.72735],[-72.30134,6.71058],[-72.30228,6.69758],[-72.30751,6.68619],[-72.31984,6.68264],[-72.33794,6.66868],[-72.34138,6.66189],[-72.34195,6.64833],[-72.34642,6.63392],[-72.36909,6.61766],[-72.38655,6.61391],[-72.38561,6.608],[-72.37916,6.60071],[-72.37669,6.59052],[-72.35968,6.57002],[-72.35587,6.55399],[-72.36501,6.5514],[-72.38273,6.55225],[-72.38125,6.54396],[-72.38423,6.52759],[-72.38741,6.52624],[-72.39201,6.53067],[-72.39415,6.53014],[-72.4045,6.51363],[-72.40823,6.51769],[-72.41158,6.51566],[-72.42126,6.51948],[-72.42503,6.52341],[-72.43376,6.5252],[-72.44209,6.53136],[-72.44631,6.53879],[-72.45459,6.53958],[-72.45957,6.5485],[-72.47302,6.54752],[-72.48234,6.54967],[-72.50447,6.53665],[-72.50799,6.52698],[-72.51399,6.52288],[-72.52621,6.50748],[-72.53429,6.50281],[-72.53439,6.49605],[-72.54462,6.50298],[-72.54481,6.51486],[-72.54947,6.52147],[-72.54247,6.53512],[-72.53632,6.54042],[-72.53725,6.5541],[-72.54591,6.56715],[-72.54267,6.58281],[-72.53768,6.58875],[-72.52705,6.59163],[-72.52046,6.60426],[-72.51884,6.6201],[-72.50983,6.63015],[-72.49702,6.63389],[-72.49843,6.6396],[-72.49196,6.64498],[-72.49245,6.65056],[-72.48716,6.65332],[-72.48554,6.6571],[-72.48548,6.67216],[-72.49111,6.68183],[-72.48486,6.69528],[-72.48471,6.70257],[-72.48738,6.70661],[-72.48803,6.71615],[-72.49889,6.72826],[-72.49837,6.73527],[-72.49222,6.73702],[-72.48755,6.74365],[-72.49085,6.75964],[-72.49858,6.76438],[-72.49548,6.78288],[-72.49851,6.7984],[-72.48883,6.80701],[-72.48404,6.80815],[-72.48251,6.81227],[-72.48435,6.81852],[-72.47614,6.84352],[-72.46995,6.84599],[-72.46283,6.84395],[-72.45887,6.84902],[-72.45364,6.85125],[-72.44104,6.84872]]]}},{"type":"Feature","properties":{"codigo_municipio":"15183","municipio":"CHITA"},"geometry":{"type":"Polygon","coordinates":[[[-72.46477,6.30429],[-72.45242,6.30397],[-72.45364,6.29965],[-72.43994,6.28284],[-72.43476,6.28607],[-72.42478,6.27867],[-72.40087,6.27046],[-72.3965,6.27227],[-72.3918,6.26395],[-72.38722,6.26128],[-72.3979,6.2373],[-72.3987,6.21865],[-72.40254,6.2076],[-72.41229,6.19153],[-72.41755,6.18958],[-72.41895,6.18669],[-72.41716,6.18408],[-72.40562,6.18987],[-72.39253,6.18833],[-72.3931,6.16157],[-72.38666,6.16176],[-72.37435,6.14973],[-72.37686,6.13422],[-72.38468,6.13266],[-72.38918,6.12374],[-72.38391,6.1136],[-72.37573,6.10985],[-72.36408,6.09933],[-72.36948,6.09855],[-72.37493,6.09382],[-72.37114,6.08284],[-72.36608,6.07633],[-72.36074,6.0753],[-72.3212,6.0882],[-72.32161,6.08159],[-72.31803,6.07756],[-72.32154,6.06784],[-72.35335,6.0434],[-72.36217,6.04371],[-72.36551,6.0367],[-72.36178,6.02564],[-72.35551,6.02244],[-72.34663,6.00462],[-72.34016,5.99947],[-72.34173,5.99005],[-72.33928,5.98115],[-72.34205,5.97849],[-72.34282,5.97168],[-72.34255,5.96558],[-72.33841,5.95993],[-72.34061,5.95322],[-72.33582,5.94392],[-72.33175,5.94301],[-72.32506,5.93504],[-72.32531,5.92509],[-72.32895,5.91539],[-72.32649,5.90895],[-72.32766,5.90171],[-72.33501,5.88964],[-72.36538,5.89707],[-72.37476,5.89499],[-72.39197,5.90221],[-72.40832,5.90003],[-72.41662,5.90405],[-72.41758,5.9106],[-72.42131,5.91409],[-72.42663,5.92757],[-72.43598,5.93801],[-72.4408,5.93859],[-72.44766,5.94465],[-72.44845,5.95615],[-72.47273,5.96527],[-72.48422,5.9751],[-72.49831,5.99597],[-72.50702,5.99599],[-72.50661,5.99918],[-72.51056,6.0053],[-72.52684,6.00876],[-72.53909,6.03206],[-72.53053,6.05174],[-72.53895,6.05918],[-72.54231,6.06984],[-72.53047,6.08986],[-72.52879,6.10413],[-72.53093,6.1114],[-72.52799,6.12247],[-72.51678,6.12653],[-72.51432,6.13339],[-72.51655,6.13916],[-72.5161,6.14836],[-72.52303,6.15241],[-72.53007,6.16543],[-72.54269,6.16835],[-72.55253,6.17699],[-72.54117,6.19941],[-72.53097,6.21037],[-72.52548,6.227],[-72.51951,6.23069],[-72.51992,6.23561],[-72.51619,6.23774],[-72.51612,6.24147],[-72.51074,6.24821],[-72.49837,6.25331],[-72.49573,6.291],[-72.48817,6.29545],[-72.48306,6.30304],[-72.47281,6.30586],[-72.46477,6.30429]]]}},{"type":"Feature","properties":{"codigo_municipio":"15185","municipio":"CHITARAQUE"},"geometry":{"type":"Polygon","coordinates":[[[-73.45172,6.07785],[-73.44736,6.07781],[-73.42901,6.06839],[-73.41483,6.07309],[-73.41496,6.07049],[-73.41893,6.0704],[-73.41908,6.06837],[-73.41176,6.06014],[-73.40377,6.05603],[-73.40635,6.05051],[-73.39918,6.04554],[-73.39055,6.03309],[-73.38764,6.02308],[-73.38235,6.02102],[-73.3826,6.01769],[-73.37808,6.01326],[-73.37563,6.00608],[-73.37071,6.00523],[-73.37274,5.99874],[-73.36946,5.99607],[-73.37201,5.99617],[-73.37138,5.99168],[-73.37434,5.98838],[-73.37547,5.96438],[-73.3809,5.96024],[-73.37924,5.95786],[-73.38112,5.95229],[-73.38812,5.94516],[-73.38726,5.93276],[-73.39511,5.92589],[-73.39847,5.90837],[-73.40164,5.90134],[-73.40687,5.89844],[-73.40808,5.8891],[-73.41132,5.8912],[-73.42051,5.88936],[-73.43276,5.89703],[-73.46089,5.93254],[-73.45343,5.94793],[-73.45524,5.9538],[-73.46385,5.96009],[-73.46592,5.97031],[-73.47489,5.97829],[-73.49604,5.98692],[-73.47152,6.02329],[-73.45078,6.04644],[-73.44723,6.06485],[-73.449,6.07275],[-73.45401,6.07881],[-73.45172,6.07785]]]}},{"type":"Feature","properties":{"codigo_municipio":"15187","municipio":"CHIVATÁ"},"geometry":{"type":"Polygon","coordinates":[[[-73.22832,5.63479],[-73.2294,5.62618],[-73.22351,5.62624],[-73.22302,5.62841],[-73.22298,5.62585],[-73.22007,5.62486],[-73.2131,5.62644],[-73.21437,5.62214],[-73.21901,5.6131],[-73.23297,5.59677],[-73.24397,5.57331],[-73.24862,5.5697],[-73.23102,5.56374],[-73.22714,5.55343],[-73.23005,5.55133],[-73.23144,5.54185],[-73.2376,5.53714],[-73.2378,5.53389],[-73.24097,5.53301],[-73.24793,5.53334],[-73.25507,5.54023],[-73.25959,5.5389],[-73.26529,5.53133],[-73.27169,5.53215],[-73.27723,5.52391],[-73.29543,5.52508],[-73.29795,5.53473],[-73.30727,5.5392],[-73.30395,5.56135],[-73.30691,5.56966],[-73.28196,5.58015],[-73.26443,5.57541],[-73.2529,5.58033],[-73.24892,5.5871],[-73.25056,5.59427],[-73.2468,5.60525],[-73.24283,5.61142],[-73.23608,5.61367],[-73.2318,5.63202],[-73.22863,5.63685],[-73.22832,5.63479]]]}},{"type":"Feature","properties":{"codigo_municipio":"15189","municipio":"CIÉNEGA"},"geometry":{"type":"Polygon","coordinates":[[[-73.30704,5.43985],[-73.3186,5.42623],[-73.31488,5.42223],[-73.30709,5.42325],[-73.28719,5.41708],[-73.2829,5.41917],[-73.27634,5.41689],[-73.27359,5.41208],[-73.2682,5.41266],[-73.25745,5.40685],[-73.24324,5.40889],[-73.22199,5.40691],[-73.22686,5.39995],[-73.23411,5.39781],[-73.23202,5.39283],[-73.23403,5.38994],[-73.23793,5.38983],[-73.23746,5.3851],[-73.24735,5.37216],[-73.25265,5.36821],[-73.25629,5.36913],[-73.26037,5.36678],[-73.28561,5.3497],[-73.29082,5.35914],[-73.29839,5.36224],[-73.30196,5.36954],[-73.30793,5.37225],[-73.31692,5.38729],[-73.32258,5.39204],[-73.31897,5.40681],[-73.32307,5.41344],[-73.33007,5.41441],[-73.31591,5.43955],[-73.31436,5.44998],[-73.30752,5.44437],[-73.30704,5.43985]]]}},{"type":"Feature","properties":{"codigo_municipio":"15204","municipio":"CÓMBITA"},"geometry":{"type":"Polygon","coordinates":[[[-73.2671,5.66551],[-73.27028,5.65847],[-73.27808,5.65592],[-73.27849,5.65222],[-73.28505,5.6494],[-73.30028,5.62995],[-73.31794,5.61541],[-73.32177,5.59781],[-73.32613,5.58948],[-73.32472,5.58566],[-73.32973,5.57668],[-73.33219,5.57597],[-73.34126,5.58409],[-73.33901,5.58707],[-73.34295,5.59361],[-73.34453,5.60489],[-73.35968,5.61944],[-73.36062,5.62181],[-73.3576,5.62531],[-73.35944,5.63053],[-73.36311,5.62927],[-73.36502,5.64317],[-73.36249,5.64483],[-73.36069,5.65314],[-73.36313,5.66453],[-73.3475,5.67023],[-73.34434,5.67881],[-73.34184,5.67973],[-73.34793,5.68501],[-73.34989,5.69634],[-73.35575,5.70463],[-73.3652,5.70378],[-73.36781,5.715],[-73.37916,5.72403],[-73.37406,5.74166],[-73.37962,5.74565],[-73.37688,5.74914],[-73.37984,5.75189],[-73.38173,5.76053],[-73.37071,5.78727],[-73.35949,5.77852],[-73.35522,5.76224],[-73.3454,5.76305],[-73.34212,5.76773],[-73.33624,5.76634],[-73.33573,5.76003],[-73.32979,5.7544],[-73.325,5.74156],[-73.31653,5.7284],[-73.31154,5.72482],[-73.3094,5.71785],[-73.30418,5.71435],[-73.30213,5.71522],[-73.30103,5.70925],[-73.29302,5.70309],[-73.29413,5.69656],[-73.27287,5.70905],[-73.26855,5.70423],[-73.26393,5.70365],[-73.27079,5.68644],[-73.26615,5.68394],[-73.26101,5.68486],[-73.26305,5.67114],[-73.2671,5.66551]]]}},{"type":"Feature","properties":{"codigo_municipio":"15212","municipio":"COPER"},"geometry":{"type":"Polygon","coordinates":[[[-73.9999,5.52834],[-73.99032,5.52517],[-73.99393,5.5131],[-74.00746,5.4987],[-74.01507,5.47675],[-74.01947,5.472],[-74.0097,5.46519],[-73.98668,5.45838],[-73.98061,5.45138],[-73.96501,5.45568],[-73.95032,5.44953],[-73.95553,5.4384],[-73.95297,5.42941],[-73.94908,5.42822],[-73.94708,5.42408],[-73.94738,5.41893],[-73.94873,5.41764],[-73.96361,5.42243],[-73.97297,5.41936],[-73.98174,5.40289],[-73.98401,5.3958],[-73.98269,5.39071],[-73.98669,5.38639],[-73.98735,5.37927],[-73.99139,5.37465],[-73.99868,5.37071],[-73.9991,5.36749],[-74.00972,5.36839],[-74.01997,5.36614],[-74.02357,5.37044],[-74.02228,5.38689],[-74.03028,5.3869],[-74.03979,5.39201],[-74.04518,5.40454],[-74.05447,5.40121],[-74.07358,5.40817],[-74.08705,5.42819],[-74.09275,5.42895],[-74.09053,5.43465],[-74.09758,5.43986],[-74.09406,5.44989],[-74.09696,5.45936],[-74.09479,5.46602],[-74.09675,5.47605],[-74.08784,5.48249],[-74.07757,5.48556],[-74.06559,5.49856],[-74.05913,5.50156],[-74.05393,5.49937],[-74.0522,5.49538],[-74.04509,5.50163],[-74.04255,5.498],[-74.03741,5.49968],[-74.03373,5.49677],[-74.0224,5.5083],[-74.02106,5.51995],[-74.01823,5.52421],[-73.9999,5.52834]]]}},{"type":"Feature","properties":{"codigo_municipio":"15215","municipio":"CORRALES"},"geometry":{"type":"Polygon","coordinates":[[[-72.82616,5.87828],[-72.82303,5.8777],[-72.81911,5.86994],[-72.81164,5.86453],[-72.8056,5.85444],[-72.80119,5.85192],[-72.79812,5.85391],[-72.80375,5.83296],[-72.81093,5.8334],[-72.82166,5.82042],[-72.82548,5.80824],[-72.83575,5.80692],[-72.83183,5.79594],[-72.8398,5.78405],[-72.85469,5.77413],[-72.85808,5.7751],[-72.86412,5.77253],[-72.86348,5.77079],[-72.86704,5.76851],[-72.87515,5.77052],[-72.87267,5.77337],[-72.87689,5.77587],[-72.87396,5.77546],[-72.87776,5.78549],[-72.87676,5.79385],[-72.88083,5.79572],[-72.88635,5.79376],[-72.89226,5.79655],[-72.89623,5.79528],[-72.89708,5.81119],[-72.88667,5.81754],[-72.86688,5.81697],[-72.85872,5.82629],[-72.85717,5.83371],[-72.85495,5.83391],[-72.85809,5.83696],[-72.85161,5.85001],[-72.85139,5.85732],[-72.84813,5.85955],[-72.85764,5.86542],[-72.85583,5.86997],[-72.84814,5.87843],[-72.84219,5.87867],[-72.83676,5.87514],[-72.82616,5.87828]]]}},{"type":"Feature","properties":{"codigo_municipio":"15218","municipio":"COVARACHÍA"},"geometry":{"type":"Polygon","coordinates":[[[-72.75917,6.57985],[-72.74887,6.57041],[-72.74274,6.56891],[-72.74343,6.55892],[-72.72997,6.55147],[-72.72068,6.55367],[-72.71199,6.54305],[-72.70358,6.53923],[-72.70089,6.52803],[-72.69503,6.52446],[-72.69405,6.51391],[-72.68681,6.50836],[-72.67947,6.49111],[-72.67953,6.48276],[-72.68581,6.4808],[-72.69655,6.46956],[-72.70391,6.45745],[-72.71349,6.45044],[-72.71699,6.44222],[-72.73798,6.44027],[-72.72488,6.4567],[-72.72885,6.46505],[-72.73682,6.47303],[-72.73826,6.48348],[-72.73592,6.49069],[-72.7492,6.49481],[-72.75614,6.49386],[-72.76538,6.49914],[-72.77253,6.50848],[-72.77387,6.52066],[-72.77845,6.52869],[-72.78823,6.53179],[-72.79707,6.53005],[-72.81095,6.54238],[-72.80737,6.54358],[-72.80568,6.54863],[-72.80886,6.55921],[-72.80421,6.56055],[-72.79534,6.5688],[-72.79193,6.56855],[-72.78315,6.57402],[-72.78187,6.57975],[-72.77473,6.5786],[-72.7658,6.58287],[-72.75917,6.57985]]]}},{"type":"Feature","properties":{"codigo_municipio":"15223","municipio":"CUBARÁ"},"geometry":{"type":"Polygon","coordinates":[[[-72.17368,7.05308],[-72.15958,7.04712],[-72.15994,7.04215],[-72.15546,7.04129],[-72.15306,7.03505],[-72.13694,7.03393],[-72.12213,7.02768],[-72.11734,7.03308],[-72.10744,7.03271],[-72.07569,7.04537],[-72.05581,7.03693],[-72.05094,7.03648],[-72.04681,7.03917],[-72.03541,7.03537],[-72.02091,7.03585],[-72.00958,7.03338],[-72.00324,7.02909],[-71.94885,7.01132],[-71.96015,7.0016],[-71.96187,6.98965],[-71.97482,6.97164],[-71.99294,6.92942],[-71.99657,6.90894],[-72.03455,6.8297],[-72.03875,6.81466],[-72.03774,6.79589],[-72.04388,6.78854],[-72.05079,6.76864],[-72.0599,6.76752],[-72.07158,6.75839],[-72.07693,6.7509],[-72.09269,6.75378],[-72.09419,6.7493],[-72.10013,6.74647],[-72.10563,6.7485],[-72.10911,6.74607],[-72.11321,6.73945],[-72.12619,6.74457],[-72.14039,6.7633],[-72.14274,6.75744],[-72.15125,6.75479],[-72.16308,6.74684],[-72.1718,6.74729],[-72.17859,6.74165],[-72.18618,6.7407],[-72.19268,6.7446],[-72.19896,6.74408],[-72.20405,6.73784],[-72.21188,6.73859],[-72.21449,6.72836],[-72.22689,6.72549],[-72.23193,6.69623],[-72.24125,6.70387],[-72.24513,6.70464],[-72.24877,6.70191],[-72.26001,6.70745],[-72.28179,6.69553],[-72.28773,6.69572],[-72.29165,6.71299],[-72.29949,6.7165],[-72.29575,6.72668],[-72.29666,6.73719],[-72.29956,6.74996],[-72.30698,6.75885],[-72.29239,6.7621],[-72.29655,6.78506],[-72.30793,6.79186],[-72.31708,6.81454],[-72.32817,6.81781],[-72.33331,6.82379],[-72.33818,6.82449],[-72.34087,6.82998],[-72.34077,6.84655],[-72.35104,6.84991],[-72.3584,6.84867],[-72.36389,6.84162],[-72.37427,6.83918],[-72.3806,6.8415],[-72.39014,6.83904],[-72.39908,6.8425],[-72.40988,6.84037],[-72.42347,6.84895],[-72.43,6.8454],[-72.45193,6.85134],[-72.45759,6.84998],[-72.46283,6.84395],[-72.4708,6.84595],[-72.47838,6.84255],[-72.48354,6.84739],[-72.48347,6.85105],[-72.48858,6.8544],[-72.49062,6.86551],[-72.4983,6.86775],[-72.50062,6.87124],[-72.50254,6.8819],[-72.49659,6.88578],[-72.4964,6.89646],[-72.50294,6.90816],[-72.49986,6.90965],[-72.49661,6.92153],[-72.4878,6.92452],[-72.4646,6.90169],[-72.44051,6.89198],[-72.43853,6.88643],[-72.43229,6.8829],[-72.42248,6.88165],[-72.40599,6.87283],[-72.38728,6.87391],[-72.38072,6.88313],[-72.37055,6.88985],[-72.36032,6.89418],[-72.35324,6.89166],[-72.35005,6.89289],[-72.34916,6.90011],[-72.33764,6.90817],[-72.31343,6.93222],[-72.30593,6.94943],[-72.30183,6.96971],[-72.29371,6.98985],[-72.28143,7.01006],[-72.27151,7.01283],[-72.26781,7.00973],[-72.25251,7.00748],[-72.25091,7.00448],[-72.25542,6.98398],[-72.24472,6.97702],[-72.2341,6.97926],[-72.23181,6.98305],[-72.22084,6.98575],[-72.2204,6.99039],[-72.21291,7.00115],[-72.20097,7.00669],[-72.20117,7.01092],[-72.20439,7.01194],[-72.2058,7.02243],[-72.19895,7.03282],[-72.19966,7.04119],[-72.19085,7.04708],[-72.1857,7.05393],[-72.1826,7.05252],[-72.17634,7.05554],[-72.17368,7.05308]]]}},{"type":"Feature","properties":{"codigo_municipio":"15224","municipio":"CUCAITA"},"geometry":{"type":"Polygon","coordinates":[[[-73.42774,5.5637],[-73.4225,5.56073],[-73.42666,5.55447],[-73.42256,5.5401],[-73.42515,5.52981],[-73.41521,5.52249],[-73.41274,5.51544],[-73.4076,5.51041],[-73.41617,5.50382],[-73.42051,5.49388],[-73.43232,5.48587],[-73.45645,5.49769],[-73.45303,5.50233],[-73.45763,5.51629],[-73.4653,5.51593],[-73.49136,5.53519],[-73.49072,5.54898],[-73.46912,5.54962],[-73.4634,5.55492],[-73.46014,5.5555],[-73.45719,5.55294],[-73.45483,5.55618],[-73.44183,5.55672],[-73.43454,5.56361],[-73.42883,5.56522],[-73.42774,5.5637]]]}},{"type":"Feature","properties":{"codigo_municipio":"15226","municipio":"CUÍTIVA"},"geometry":{"type":"Polygon","coordinates":[[[-72.91554,5.61862],[-72.89745,5.61662],[-72.89557,5.61353],[-72.90029,5.59847],[-72.89857,5.58528],[-72.90202,5.57985],[-72.94963,5.55427],[-72.9765,5.57087],[-72.98504,5.58285],[-72.98739,5.57794],[-72.98963,5.57886],[-72.99893,5.58595],[-73.00364,5.59284],[-72.99212,5.58961],[-72.98864,5.59031],[-72.98644,5.59519],[-72.97127,5.59284],[-72.96637,5.59592],[-72.95915,5.594],[-72.95405,5.59931],[-72.95043,5.5984],[-72.94929,5.60748],[-72.94481,5.61201],[-72.93013,5.61495],[-72.92571,5.61268],[-72.92301,5.62016],[-72.91554,5.61862]]]}},{"type":"Feature","properties":{"codigo_municipio":"15232","municipio":"CHÍQUIZA"},"geometry":{"type":"Polygon","coordinates":[[[-73.40077,5.71445],[-73.39764,5.70255],[-73.38583,5.6933],[-73.3815,5.67548],[-73.38212,5.65984],[-73.39041,5.64972],[-73.39064,5.64472],[-73.4027,5.63452],[-73.40622,5.62844],[-73.40551,5.62354],[-73.41072,5.61705],[-73.42015,5.61947],[-73.43152,5.6114],[-73.43405,5.61265],[-73.44011,5.60988],[-73.44329,5.60678],[-73.44334,5.60054],[-73.45236,5.59357],[-73.47243,5.58963],[-73.48557,5.57979],[-73.4989,5.5595],[-73.50272,5.57716],[-73.51191,5.58306],[-73.51323,5.58997],[-73.51006,5.59326],[-73.51108,5.59951],[-73.51625,5.60104],[-73.49983,5.62109],[-73.48908,5.62529],[-73.48378,5.63446],[-73.48979,5.64644],[-73.48246,5.65958],[-73.48317,5.67205],[-73.47915,5.67777],[-73.46105,5.68248],[-73.45277,5.67806],[-73.44269,5.68299],[-73.42345,5.70773],[-73.42174,5.70565],[-73.41612,5.70697],[-73.4111,5.71228],[-73.40077,5.71445]]]}},{"type":"Feature","properties":{"codigo_municipio":"15236","municipio":"CHIVOR"},"geometry":{"type":"Polygon","coordinates":[[[-73.36786,4.92083],[-73.36207,4.91796],[-73.35305,4.89326],[-73.34171,4.89341],[-73.33739,4.89851],[-73.33173,4.89872],[-73.32295,4.90492],[-73.32391,4.9121],[-73.31311,4.9194],[-73.30995,4.91901],[-73.30376,4.91009],[-73.30005,4.9083],[-73.29807,4.88022],[-73.33245,4.84118],[-73.33984,4.82299],[-73.32982,4.80771],[-73.3401,4.79674],[-73.34097,4.79132],[-73.37184,4.80082],[-73.37229,4.81144],[-73.36516,4.82477],[-73.37089,4.82641],[-73.37562,4.83208],[-73.37467,4.83977],[-73.38064,4.84635],[-73.3912,4.84897],[-73.39185,4.85311],[-73.3945,4.85329],[-73.39087,4.85577],[-73.39349,4.85865],[-73.3932,4.86546],[-73.39813,4.87047],[-73.402,4.87993],[-73.41161,4.88146],[-73.42486,4.87915],[-73.43358,4.88241],[-73.43727,4.8871],[-73.44642,4.8898],[-73.43941,4.89516],[-73.43754,4.90627],[-73.42895,4.90404],[-73.40913,4.90578],[-73.40127,4.91906],[-73.3957,4.9221],[-73.38722,4.92085],[-73.3835,4.92536],[-73.3755,4.92863],[-73.36786,4.92083]]]}},{"type":"Feature","properties":{"codigo_municipio":"15238","municipio":"DUITAMA"},"geometry":{"type":"Polygon","coordinates":[[[-73.03275,6.02296],[-73.0311,6.02143],[-73.03468,6.00876],[-73.04124,6.00335],[-73.04088,5.99111],[-73.04838,5.9788],[-73.04871,5.97352],[-73.0355,5.95988],[-73.03481,5.94264],[-73.0215,5.92805],[-73.02667,5.91272],[-73.01641,5.89442],[-73.01693,5.88812],[-73.01303,5.88468],[-73.00807,5.86745],[-73.00889,5.86388],[-73.01261,5.86161],[-73.01157,5.8531],[-73.01437,5.84822],[-73.01304,5.82943],[-73.00965,5.82424],[-73.00006,5.83173],[-72.9972,5.82898],[-72.99221,5.8052],[-72.99698,5.80805],[-73.01328,5.80899],[-73.01772,5.79842],[-73.01667,5.79143],[-73.02099,5.7876],[-73.02285,5.7818],[-73.02854,5.77863],[-73.03394,5.78067],[-73.04428,5.77011],[-73.04563,5.77263],[-73.06011,5.77606],[-73.06504,5.77038],[-73.06929,5.77332],[-73.07697,5.77288],[-73.08133,5.77644],[-73.08178,5.77991],[-73.07778,5.78657],[-73.08001,5.79519],[-73.07734,5.80843],[-73.08231,5.83487],[-73.11933,5.87062],[-73.11013,5.87228],[-73.10882,5.87446],[-73.10742,5.88479],[-73.10912,5.89097],[-73.11816,5.89416],[-73.13058,5.90623],[-73.13574,5.90763],[-73.12646,5.91773],[-73.1315,5.92709],[-73.12916,5.93254],[-73.14153,5.93648],[-73.14498,5.9425],[-73.16029,5.9496],[-73.16304,5.96669],[-73.16853,5.97064],[-73.17171,5.98965],[-73.17551,5.99454],[-73.1552,5.97865],[-73.15418,5.96831],[-73.14264,5.96108],[-73.13026,5.95926],[-73.12359,5.96223],[-73.11516,5.96089],[-73.11077,5.96477],[-73.10078,5.96226],[-73.09609,5.96614],[-73.09131,5.96434],[-73.08699,5.96559],[-73.08114,5.97017],[-73.08219,5.97719],[-73.06782,5.98204],[-73.0688,5.98814],[-73.06522,5.99176],[-73.0622,6.01105],[-73.04017,6.02259],[-73.03275,6.02296]]]}},{"type":"Feature","properties":{"codigo_municipio":"15244","municipio":"EL COCUY"},"geometry":{"type":"Polygon","coordinates":[[[-72.42849,6.43286],[-72.42471,6.42526],[-72.42005,6.42213],[-72.39995,6.41334],[-72.39719,6.41652],[-72.38801,6.41752],[-72.38412,6.41574],[-72.38298,6.40955],[-72.3766,6.40827],[-72.37264,6.40382],[-72.36278,6.40208],[-72.33299,6.4043],[-72.3311,6.39382],[-72.32024,6.3708],[-72.32099,6.36553],[-72.31494,6.36001],[-72.31656,6.35519],[-72.31531,6.34425],[-72.31839,6.33981],[-72.31699,6.33485],[-72.32165,6.33184],[-72.32557,6.33566],[-72.33395,6.3378],[-72.33962,6.34611],[-72.35402,6.34354],[-72.36307,6.32653],[-72.37135,6.31915],[-72.37892,6.29312],[-72.39981,6.27038],[-72.42535,6.2789],[-72.43476,6.28607],[-72.44017,6.28297],[-72.45364,6.29965],[-72.45242,6.30397],[-72.47281,6.30586],[-72.4822,6.3034],[-72.48817,6.29545],[-72.49556,6.29124],[-72.49602,6.28711],[-72.50068,6.30574],[-72.51129,6.31223],[-72.5096,6.31761],[-72.51276,6.32915],[-72.51048,6.33245],[-72.51775,6.34925],[-72.51029,6.3574],[-72.50867,6.36987],[-72.50184,6.36733],[-72.47795,6.37405],[-72.48131,6.37687],[-72.48491,6.38687],[-72.48403,6.39315],[-72.48103,6.39407],[-72.47814,6.39115],[-72.4711,6.39536],[-72.47248,6.39652],[-72.46711,6.40769],[-72.456,6.41626],[-72.45877,6.42176],[-72.44799,6.42336],[-72.44716,6.42654],[-72.4309,6.44001],[-72.42849,6.43286]]]}},{"type":"Feature","properties":{"codigo_municipio":"15248","municipio":"EL ESPINO"},"geometry":{"type":"Polygon","coordinates":[[[-72.47521,6.54913],[-72.47302,6.54752],[-72.45957,6.5485],[-72.45423,6.53928],[-72.44631,6.53879],[-72.43991,6.52929],[-72.43014,6.52346],[-72.42503,6.52341],[-72.42141,6.51974],[-72.43248,6.50539],[-72.43684,6.4945],[-72.44724,6.48932],[-72.4568,6.48973],[-72.46297,6.48189],[-72.47138,6.47877],[-72.47585,6.46615],[-72.48571,6.46415],[-72.4996,6.47518],[-72.51865,6.4775],[-72.53156,6.48667],[-72.53924,6.48797],[-72.53443,6.49449],[-72.53429,6.50281],[-72.52621,6.50748],[-72.51399,6.52288],[-72.50799,6.52698],[-72.50224,6.53882],[-72.49026,6.54347],[-72.4839,6.54929],[-72.47521,6.54913]]]}},{"type":"Feature","properties":{"codigo_municipio":"15272","municipio":"FIRAVITOBA"},"geometry":{"type":"Polygon","coordinates":[[[-73.01155,5.72013],[-73.00553,5.71979],[-72.99837,5.72282],[-72.99404,5.72019],[-72.9726,5.72055],[-72.96455,5.70863],[-72.95286,5.71426],[-72.94696,5.71404],[-72.95883,5.69348],[-72.96597,5.67186],[-72.97112,5.66457],[-72.96716,5.65325],[-72.96338,5.6493],[-72.96707,5.64411],[-72.96961,5.6464],[-72.98055,5.6397],[-72.98925,5.64386],[-72.99337,5.63403],[-72.99722,5.63698],[-72.99885,5.63558],[-72.99714,5.63368],[-72.99848,5.62954],[-73.00593,5.63137],[-73.00397,5.63984],[-73.00769,5.64325],[-73.01131,5.64296],[-73.02758,5.62773],[-73.03106,5.62688],[-73.04158,5.63182],[-73.05574,5.6318],[-73.06331,5.64556],[-73.06957,5.6399],[-73.07605,5.62845],[-73.08005,5.63004],[-73.08643,5.64289],[-73.09637,5.64787],[-73.10409,5.6577],[-73.08166,5.67315],[-73.07845,5.67307],[-73.07545,5.67839],[-73.04546,5.69473],[-73.03895,5.70122],[-73.03851,5.7087],[-73.03548,5.71366],[-73.02425,5.72445],[-73.01155,5.72013]]]}},{"type":"Feature","properties":{"codigo_municipio":"15276","municipio":"FLORESTA"},"geometry":{"type":"Polygon","coordinates":[[[-72.91736,5.91792],[-72.90917,5.91654],[-72.90681,5.914],[-72.90712,5.90612],[-72.90383,5.89932],[-72.89261,5.88586],[-72.87744,5.88613],[-72.87203,5.88361],[-72.87347,5.87342],[-72.89186,5.86569],[-72.8949,5.85399],[-72.89303,5.84649],[-72.89917,5.83672],[-72.89583,5.82346],[-72.89785,5.81519],[-72.89623,5.79528],[-72.90297,5.80148],[-72.91284,5.79767],[-72.92684,5.80102],[-72.93341,5.79885],[-72.93869,5.80377],[-72.94298,5.80423],[-72.94848,5.8278],[-72.97125,5.84874],[-72.97576,5.85849],[-72.9603,5.8773],[-72.95601,5.88774],[-72.95221,5.8885],[-72.94993,5.89197],[-72.95104,5.89748],[-72.94799,5.90494],[-72.94018,5.9118],[-72.93122,5.91139],[-72.93077,5.92162],[-72.92527,5.92858],[-72.91736,5.91792]]]}},{"type":"Feature","properties":{"codigo_municipio":"15293","municipio":"GACHANTIVÁ"},"geometry":{"type":"Polygon","coordinates":[[[-73.56936,5.80208],[-73.56397,5.79604],[-73.55334,5.79404],[-73.54876,5.78904],[-73.5426,5.78671],[-73.53761,5.78982],[-73.53519,5.78761],[-73.52771,5.78824],[-73.52386,5.79948],[-73.52017,5.79893],[-73.51131,5.79028],[-73.50485,5.78801],[-73.49924,5.77428],[-73.50858,5.75499],[-73.49388,5.74539],[-73.50604,5.72511],[-73.52267,5.7215],[-73.51912,5.71037],[-73.52123,5.70846],[-73.51861,5.70594],[-73.52165,5.70158],[-73.52514,5.70194],[-73.52663,5.69536],[-73.54232,5.67797],[-73.55206,5.67913],[-73.56332,5.67666],[-73.56655,5.67838],[-73.5691,5.68684],[-73.57406,5.68953],[-73.5682,5.70395],[-73.56968,5.70623],[-73.56617,5.70669],[-73.56473,5.71038],[-73.56772,5.71124],[-73.56634,5.71816],[-73.56811,5.72447],[-73.57373,5.72576],[-73.57201,5.73063],[-73.57548,5.73469],[-73.57195,5.74085],[-73.58118,5.74855],[-73.57962,5.75391],[-73.58204,5.77174],[-73.57897,5.77184],[-73.57823,5.7772],[-73.57591,5.77355],[-73.56725,5.7753],[-73.57787,5.78535],[-73.58283,5.78565],[-73.58097,5.79241],[-73.58291,5.79492],[-73.57693,5.80191],[-73.57655,5.80593],[-73.56936,5.80208]]]}},{"type":"Feature","properties":{"codigo_municipio":"15296","municipio":"GÁMEZA"},"geometry":{"type":"Polygon","coordinates":[[[-72.7962,5.85311],[-72.79104,5.85124],[-72.78585,5.84486],[-72.7753,5.84771],[-72.75744,5.82772],[-72.75291,5.82578],[-72.74917,5.8151],[-72.73728,5.82251],[-72.72081,5.82598],[-72.70164,5.83578],[-72.68675,5.83208],[-72.68584,5.82218],[-72.6879,5.8167],[-72.66451,5.80851],[-72.65496,5.8114],[-72.65238,5.81451],[-72.63934,5.81663],[-72.63705,5.82492],[-72.63172,5.8291],[-72.62356,5.81673],[-72.62588,5.79476],[-72.62388,5.78426],[-72.62599,5.77694],[-72.63404,5.78173],[-72.64475,5.78247],[-72.65518,5.78783],[-72.65738,5.78254],[-72.6612,5.7852],[-72.66874,5.78075],[-72.67618,5.7839],[-72.68417,5.78331],[-72.69763,5.77453],[-72.70821,5.7714],[-72.71328,5.77329],[-72.71827,5.77113],[-72.71952,5.77293],[-72.73954,5.77368],[-72.76581,5.7665],[-72.76962,5.76712],[-72.77354,5.77312],[-72.78247,5.76715],[-72.7909,5.77352],[-72.79553,5.77184],[-72.80598,5.78672],[-72.83212,5.7977],[-72.83575,5.80692],[-72.82548,5.80824],[-72.82166,5.82042],[-72.81093,5.8334],[-72.80375,5.83296],[-72.80103,5.84821],[-72.7981,5.84992],[-72.79812,5.85391],[-72.7962,5.85311]]]}},{"type":"Feature","properties":{"codigo_municipio":"15299","municipio":"GARAGOA"},"geometry":{"type":"Polygon","coordinates":[[[-73.26632,5.15475],[-73.25207,5.15294],[-73.24568,5.15],[-73.24172,5.14433],[-73.23653,5.14554],[-73.23059,5.14311],[-73.23614,5.13831],[-73.2324,5.13115],[-73.23846,5.1216],[-73.23868,5.11381],[-73.25629,5.0961],[-73.2502,5.08627],[-73.2517,5.07661],[-73.24849,5.06898],[-73.25575,5.04566],[-73.28203,5.01863],[-73.2857,5.01974],[-73.28347,5.02944],[-73.28524,5.0336],[-73.28858,5.03493],[-73.29032,5.04275],[-73.28897,5.04789],[-73.2969,5.0479],[-73.32082,5.03877],[-73.33603,5.03929],[-73.34005,5.03554],[-73.34284,5.02641],[-73.35948,5.02282],[-73.36303,5.02036],[-73.36582,5.01359],[-73.37494,5.01623],[-73.3886,5.01525],[-73.39473,5.03844],[-73.39273,5.04417],[-73.39393,5.05005],[-73.39002,5.05616],[-73.3902,5.06876],[-73.38667,5.07135],[-73.38372,5.08523],[-73.37436,5.09829],[-73.37598,5.10271],[-73.36391,5.12049],[-73.36547,5.1285],[-73.3639,5.13701],[-73.35939,5.14063],[-73.349,5.13995],[-73.32609,5.14929],[-73.29837,5.15485],[-73.28532,5.16197],[-73.26632,5.15475]]]}},{"type":"Feature","properties":{"codigo_municipio":"15317","municipio":"GUACAMAYAS"},"geometry":{"type":"Polygon","coordinates":[[[-72.53869,6.48777],[-72.53156,6.48667],[-72.51865,6.4775],[-72.49943,6.47511],[-72.47149,6.45281],[-72.47205,6.44734],[-72.48151,6.43936],[-72.48544,6.43186],[-72.48645,6.40867],[-72.49425,6.40154],[-72.50097,6.40279],[-72.501,6.39808],[-72.51052,6.40231],[-72.51729,6.41032],[-72.52419,6.41103],[-72.53103,6.41993],[-72.54787,6.42563],[-72.55128,6.43851],[-72.55641,6.4447],[-72.55342,6.46995],[-72.54745,6.47936],[-72.54833,6.4871],[-72.53869,6.48777]]]}},{"type":"Feature","properties":{"codigo_municipio":"15322","municipio":"GUATEQUE"},"geometry":{"type":"Polygon","coordinates":[[[-73.4771,5.0593],[-73.47361,5.05151],[-73.47797,5.04929],[-73.48316,5.0358],[-73.46687,5.02286],[-73.4603,5.00069],[-73.45572,5.00341],[-73.44687,4.9964],[-73.45028,4.99215],[-73.45419,4.99176],[-73.46676,4.98265],[-73.4746,4.98318],[-73.47785,4.98672],[-73.48808,4.98543],[-73.49249,4.98816],[-73.49867,4.98798],[-73.50073,4.99249],[-73.51842,5.00457],[-73.51699,5.01299],[-73.52194,5.01755],[-73.5224,5.02922],[-73.516,5.03538],[-73.50252,5.03972],[-73.49625,5.03931],[-73.48585,5.05165],[-73.48758,5.05889],[-73.48012,5.06246],[-73.4771,5.0593]]]}},{"type":"Feature","properties":{"codigo_municipio":"15325","municipio":"GUAYATÁ"},"geometry":{"type":"Polygon","coordinates":[[[-73.50061,4.99086],[-73.49793,4.98759],[-73.49409,4.98854],[-73.48808,4.98543],[-73.47785,4.98672],[-73.4746,4.98318],[-73.46593,4.98289],[-73.46991,4.9804],[-73.47167,4.96961],[-73.46588,4.96485],[-73.46195,4.95631],[-73.46694,4.94415],[-73.46365,4.94003],[-73.45859,4.94046],[-73.45075,4.93464],[-73.44971,4.92293],[-73.44776,4.92134],[-73.45003,4.91104],[-73.45235,4.91083],[-73.43754,4.90627],[-73.43941,4.89516],[-73.44559,4.8911],[-73.4515,4.88302],[-73.46962,4.89272],[-73.47516,4.88981],[-73.48432,4.89152],[-73.49499,4.88355],[-73.52087,4.87896],[-73.52461,4.89231],[-73.52776,4.89347],[-73.53275,4.89123],[-73.53904,4.89724],[-73.54127,4.91202],[-73.54879,4.92515],[-73.54447,4.94476],[-73.53275,4.95486],[-73.52836,4.96791],[-73.51872,4.97942],[-73.51726,4.99032],[-73.5101,4.9928],[-73.50783,4.9964],[-73.50061,4.99086]]]}},{"type":"Feature","properties":{"codigo_municipio":"15332","municipio":"GÜICÁN DE LA SIERRA"},"geometry":{"type":"Polygon","coordinates":[[[-72.1294,6.74969],[-72.12527,6.74385],[-72.11321,6.73945],[-72.10563,6.7485],[-72.09905,6.74466],[-72.09496,6.72965],[-72.10002,6.7237],[-72.10073,6.71928],[-72.09932,6.6969],[-72.09499,6.68636],[-72.0985,6.67996],[-72.09802,6.6734],[-72.09238,6.6564],[-72.09143,6.64596],[-72.09513,6.63375],[-72.10126,6.62865],[-72.11282,6.61212],[-72.11199,6.59163],[-72.11889,6.57801],[-72.12398,6.54007],[-72.1309,6.52059],[-72.13865,6.51422],[-72.1489,6.51333],[-72.15121,6.51557],[-72.16169,6.50981],[-72.16087,6.50694],[-72.16688,6.50074],[-72.17316,6.50085],[-72.17788,6.49676],[-72.17584,6.49169],[-72.1782,6.48727],[-72.17288,6.48024],[-72.17624,6.47063],[-72.17475,6.46301],[-72.18164,6.45942],[-72.20143,6.46889],[-72.21336,6.46577],[-72.21366,6.45846],[-72.21697,6.45511],[-72.2153,6.44634],[-72.2189,6.43863],[-72.23594,6.42163],[-72.24597,6.42049],[-72.24898,6.4232],[-72.24816,6.42983],[-72.25582,6.43518],[-72.25997,6.44183],[-72.26787,6.44158],[-72.2722,6.43212],[-72.26881,6.41917],[-72.27643,6.42252],[-72.27951,6.42104],[-72.28265,6.41564],[-72.28189,6.40936],[-72.28666,6.40341],[-72.28669,6.39608],[-72.28108,6.39346],[-72.28113,6.38292],[-72.28354,6.37869],[-72.29513,6.37459],[-72.29562,6.36977],[-72.30292,6.36172],[-72.30305,6.35883],[-72.31492,6.35798],[-72.32093,6.3654],[-72.32024,6.3708],[-72.3311,6.39382],[-72.33299,6.4043],[-72.36278,6.40208],[-72.3713,6.40345],[-72.3766,6.40827],[-72.38298,6.40955],[-72.38412,6.41574],[-72.38739,6.41728],[-72.39155,6.41834],[-72.39995,6.41334],[-72.42471,6.42526],[-72.43202,6.4424],[-72.43371,6.45407],[-72.43764,6.459],[-72.44179,6.45779],[-72.44356,6.46209],[-72.44292,6.47096],[-72.43649,6.48519],[-72.43653,6.49486],[-72.43248,6.50539],[-72.4212,6.51953],[-72.41158,6.51566],[-72.40823,6.51769],[-72.40384,6.51357],[-72.39415,6.53014],[-72.39201,6.53067],[-72.38741,6.52624],[-72.38423,6.52759],[-72.38125,6.54396],[-72.38244,6.55251],[-72.36501,6.5514],[-72.35587,6.55399],[-72.35968,6.57002],[-72.37669,6.59052],[-72.37916,6.60071],[-72.38561,6.608],[-72.38655,6.61391],[-72.36909,6.61766],[-72.34642,6.63392],[-72.33955,6.66618],[-72.31984,6.68264],[-72.30626,6.68765],[-72.30199,6.69879],[-72.29949,6.7165],[-72.29165,6.71299],[-72.28773,6.69572],[-72.28179,6.69553],[-72.26001,6.70745],[-72.24877,6.70191],[-72.24513,6.70464],[-72.24125,6.70387],[-72.23205,6.69619],[-72.22689,6.72549],[-72.21449,6.72836],[-72.21188,6.73859],[-72.20405,6.73784],[-72.19896,6.74408],[-72.19268,6.7446],[-72.18618,6.7407],[-72.17859,6.74165],[-72.1718,6.74729],[-72.16308,6.74684],[-72.15125,6.75479],[-72.14274,6.75744],[-72.14039,6.7633],[-72.1294,6.74969]]]}},{"type":"Feature","properties":{"codigo_municipio":"15362","municipio":"IZA"},"geometry":{"type":"Polygon","coordinates":[[[-72.96183,5.64431],[-72.95653,5.63604],[-72.95037,5.63449],[-72.94147,5.62755],[-72.93382,5.62865],[-72.93229,5.63118],[-72.92805,5.63032],[-72.92301,5.62016],[-72.92571,5.61268],[-72.93013,5.61495],[-72.94481,5.61201],[-72.94929,5.60748],[-72.95043,5.5984],[-72.95405,5.59931],[-72.95927,5.59397],[-72.96637,5.59592],[-72.97127,5.59284],[-72.98644,5.59519],[-72.98864,5.59031],[-72.99212,5.58961],[-73.00364,5.59284],[-73.00149,5.59913],[-73.00376,5.61238],[-72.99782,5.6201],[-72.99512,5.62849],[-72.99839,5.62961],[-72.99714,5.63368],[-72.99885,5.63558],[-72.99722,5.63698],[-72.99337,5.63403],[-72.98925,5.64386],[-72.97925,5.63987],[-72.96961,5.6464],[-72.96707,5.64411],[-72.96346,5.64909],[-72.96183,5.64431]]]}},{"type":"Feature","properties":{"codigo_municipio":"15367","municipio":"JENESANO"},"geometry":{"type":"Polygon","coordinates":[[[-73.35283,5.40461],[-73.36377,5.37997],[-73.36506,5.37336],[-73.36325,5.37102],[-73.366,5.36247],[-73.36338,5.36343],[-73.34999,5.35845],[-73.33105,5.34898],[-73.33479,5.34682],[-73.33795,5.33707],[-73.33302,5.33592],[-73.32447,5.32526],[-73.33481,5.31838],[-73.33641,5.31449],[-73.34681,5.31739],[-73.35656,5.33261],[-73.376,5.33969],[-73.37775,5.3414],[-73.3743,5.34629],[-73.38361,5.3581],[-73.3906,5.35964],[-73.394,5.35672],[-73.40073,5.35833],[-73.40506,5.36264],[-73.40756,5.37126],[-73.41848,5.37148],[-73.41514,5.3796],[-73.41986,5.39067],[-73.42168,5.40387],[-73.42634,5.40842],[-73.41589,5.41719],[-73.40654,5.41746],[-73.39253,5.42172],[-73.38835,5.41899],[-73.38431,5.40465],[-73.36741,5.41491],[-73.35202,5.43212],[-73.34751,5.41442],[-73.35283,5.40461]]]}},{"type":"Feature","properties":{"codigo_municipio":"15368","municipio":"JERICÓ"},"geometry":{"type":"Polygon","coordinates":[[[-72.61709,6.20638],[-72.60557,6.20098],[-72.59655,6.20453],[-72.5644,6.18799],[-72.55968,6.18851],[-72.55498,6.17837],[-72.54842,6.17227],[-72.53757,6.16605],[-72.53007,6.16543],[-72.52303,6.15241],[-72.51691,6.14994],[-72.51428,6.13046],[-72.51846,6.12532],[-72.52799,6.12247],[-72.53093,6.1114],[-72.52879,6.10413],[-72.53047,6.08986],[-72.54231,6.06984],[-72.55172,6.0846],[-72.55659,6.08286],[-72.56069,6.08845],[-72.56015,6.09608],[-72.56375,6.10487],[-72.56217,6.1114],[-72.56574,6.11889],[-72.5756,6.11864],[-72.58878,6.11158],[-72.59098,6.10812],[-72.59759,6.11107],[-72.6016,6.10957],[-72.6068,6.10278],[-72.61625,6.10244],[-72.62749,6.11048],[-72.63712,6.10778],[-72.6394,6.1122],[-72.65618,6.11652],[-72.64851,6.14325],[-72.64865,6.14996],[-72.6422,6.16297],[-72.644,6.16698],[-72.63861,6.17065],[-72.63813,6.17674],[-72.63515,6.17965],[-72.63308,6.20449],[-72.61709,6.20638]]]}},{"type":"Feature","properties":{"codigo_municipio":"15377","municipio":"LABRANZAGRANDE"},"geometry":{"type":"Polygon","coordinates":[[[-72.55769,5.69341],[-72.55503,5.69244],[-72.55249,5.68525],[-72.53949,5.67669],[-72.54281,5.66663],[-72.55056,5.65549],[-72.54958,5.64499],[-72.54458,5.63602],[-72.54547,5.62394],[-72.53027,5.61834],[-72.51454,5.60862],[-72.51812,5.60093],[-72.51664,5.59594],[-72.51022,5.59175],[-72.50513,5.59454],[-72.50066,5.59267],[-72.49292,5.58401],[-72.4897,5.57604],[-72.48103,5.57246],[-72.47688,5.56798],[-72.46301,5.56593],[-72.45931,5.56294],[-72.45751,5.55748],[-72.46381,5.54912],[-72.46312,5.54298],[-72.45571,5.53895],[-72.44216,5.51956],[-72.46006,5.50882],[-72.47065,5.49573],[-72.48986,5.48183],[-72.49479,5.46031],[-72.50196,5.44491],[-72.50734,5.4387],[-72.51728,5.4355],[-72.52887,5.4275],[-72.53691,5.41441],[-72.55744,5.40318],[-72.58398,5.38199],[-72.59283,5.38603],[-72.59429,5.3921],[-72.59974,5.39807],[-72.59397,5.40913],[-72.59432,5.41541],[-72.59011,5.41849],[-72.59121,5.42381],[-72.59751,5.42759],[-72.60191,5.42653],[-72.61017,5.42988],[-72.62168,5.42138],[-72.63344,5.4227],[-72.66709,5.43596],[-72.65243,5.44931],[-72.66678,5.46002],[-72.67946,5.48114],[-72.6827,5.49069],[-72.68014,5.49402],[-72.65633,5.50075],[-72.65603,5.52068],[-72.66253,5.53878],[-72.66894,5.53653],[-72.68235,5.54414],[-72.68953,5.55967],[-72.69914,5.55646],[-72.70657,5.5603],[-72.71483,5.55761],[-72.72528,5.55853],[-72.745,5.56474],[-72.74491,5.5694],[-72.73352,5.58129],[-72.72777,5.59691],[-72.71984,5.60561],[-72.71291,5.60937],[-72.70811,5.61624],[-72.71203,5.61938],[-72.7133,5.62498],[-72.71009,5.62556],[-72.70971,5.62968],[-72.69871,5.64123],[-72.69943,5.65106],[-72.69568,5.66296],[-72.69916,5.67656],[-72.6955,5.67342],[-72.67958,5.67343],[-72.67326,5.66824],[-72.66052,5.6668],[-72.65827,5.66218],[-72.63539,5.6453],[-72.63395,5.63995],[-72.62893,5.63589],[-72.62983,5.63062],[-72.60563,5.63024],[-72.60304,5.62493],[-72.60519,5.62041],[-72.60264,5.62012],[-72.59994,5.62238],[-72.60194,5.62642],[-72.59922,5.62778],[-72.59909,5.63401],[-72.59517,5.64067],[-72.59826,5.64356],[-72.59828,5.64814],[-72.58401,5.66077],[-72.58471,5.66584],[-72.5804,5.68023],[-72.57295,5.68898],[-72.57432,5.69274],[-72.57026,5.70935],[-72.56394,5.70205],[-72.56294,5.69639],[-72.55769,5.69341]]]}},{"type":"Feature","properties":{"codigo_municipio":"15380","municipio":"LA CAPILLA"},"geometry":{"type":"Polygon","coordinates":[[[-73.43833,5.15777],[-73.43866,5.14806],[-73.41973,5.12191],[-73.42452,5.11744],[-73.42317,5.10707],[-73.42722,5.10349],[-73.43285,5.08732],[-73.43979,5.08625],[-73.45342,5.07142],[-73.46524,5.06987],[-73.47964,5.06165],[-73.48179,5.08459],[-73.48963,5.09297],[-73.49454,5.10635],[-73.49188,5.1132],[-73.49171,5.12893],[-73.48882,5.13122],[-73.48846,5.13751],[-73.4819,5.14556],[-73.46692,5.15321],[-73.46209,5.15222],[-73.44725,5.15822],[-73.43691,5.15938],[-73.43833,5.15777]]]}},{"type":"Feature","properties":{"codigo_municipio":"15401","municipio":"LA VICTORIA"},"geometry":{"type":"Polygon","coordinates":[[[-74.21021,5.5535],[-74.19925,5.55311],[-74.19779,5.55112],[-74.19784,5.54629],[-74.2005,5.54615],[-74.20171,5.54963],[-74.20651,5.54317],[-74.19867,5.5361],[-74.20171,5.52902],[-74.19725,5.5185],[-74.2041,5.52271],[-74.21172,5.52331],[-74.22278,5.51834],[-74.22406,5.51585],[-74.22133,5.50803],[-74.21542,5.49769],[-74.22585,5.49037],[-74.23251,5.48022],[-74.24452,5.4763],[-74.25387,5.48762],[-74.25289,5.49307],[-74.25642,5.49984],[-74.251,5.50215],[-74.25129,5.507],[-74.24566,5.5225],[-74.24763,5.52424],[-74.24597,5.5322],[-74.24029,5.5392],[-74.22759,5.5445],[-74.21935,5.54534],[-74.21288,5.55528],[-74.21021,5.5535]]]}},{"type":"Feature","properties":{"codigo_municipio":"15403","municipio":"LA UVITA"},"geometry":{"type":"Polygon","coordinates":[[[-72.53767,6.35221],[-72.51775,6.34925],[-72.51052,6.33268],[-72.51276,6.32915],[-72.5096,6.31761],[-72.51125,6.31205],[-72.50068,6.30574],[-72.49596,6.28682],[-72.49868,6.25272],[-72.51074,6.24821],[-72.51612,6.24147],[-72.51619,6.23774],[-72.51992,6.23561],[-72.51951,6.23069],[-72.52548,6.227],[-72.53097,6.21037],[-72.54117,6.19941],[-72.55253,6.17699],[-72.55968,6.18851],[-72.5644,6.18799],[-72.59655,6.20453],[-72.60517,6.20098],[-72.61785,6.20679],[-72.63308,6.20449],[-72.63552,6.20907],[-72.63558,6.21992],[-72.61857,6.22642],[-72.61818,6.23326],[-72.61071,6.24724],[-72.6024,6.27146],[-72.60217,6.27881],[-72.59063,6.26456],[-72.58736,6.26615],[-72.57968,6.27881],[-72.58107,6.28191],[-72.58428,6.28251],[-72.5828,6.28763],[-72.5854,6.29148],[-72.58312,6.29958],[-72.588,6.2992],[-72.58752,6.30581],[-72.58591,6.30971],[-72.58113,6.30756],[-72.57817,6.31027],[-72.57089,6.30993],[-72.56434,6.32688],[-72.56905,6.33704],[-72.57547,6.34407],[-72.57576,6.35062],[-72.56664,6.34935],[-72.56489,6.34367],[-72.55887,6.3507],[-72.53767,6.35221]]]}},{"type":"Feature","properties":{"codigo_municipio":"15407","municipio":"VILLA DE LEYVA"},"geometry":{"type":"Polygon","coordinates":[[[-73.45629,5.72554],[-73.45176,5.72561],[-73.44865,5.71857],[-73.4297,5.70464],[-73.42402,5.7077],[-73.42424,5.70572],[-73.44269,5.68299],[-73.45277,5.67806],[-73.46105,5.68248],[-73.47915,5.67777],[-73.48368,5.67102],[-73.48246,5.65958],[-73.48974,5.64692],[-73.48954,5.64283],[-73.48378,5.63446],[-73.48908,5.62529],[-73.49983,5.62109],[-73.50724,5.61383],[-73.51526,5.60171],[-73.51883,5.6053],[-73.52503,5.60682],[-73.53243,5.6052],[-73.5409,5.59804],[-73.54737,5.5985],[-73.54977,5.60094],[-73.54888,5.60323],[-73.55268,5.60441],[-73.55014,5.6072],[-73.55744,5.60973],[-73.56354,5.6172],[-73.56542,5.626],[-73.5617,5.63215],[-73.57765,5.6311],[-73.58246,5.62793],[-73.58265,5.63088],[-73.58968,5.63257],[-73.58883,5.64572],[-73.59114,5.64889],[-73.57684,5.67063],[-73.57912,5.67349],[-73.57545,5.68641],[-73.57615,5.6925],[-73.5691,5.68684],[-73.56573,5.6776],[-73.5451,5.67952],[-73.54232,5.67797],[-73.52663,5.69536],[-73.52514,5.70194],[-73.52165,5.70158],[-73.51861,5.70594],[-73.52123,5.70846],[-73.51912,5.71037],[-73.52281,5.71804],[-73.5216,5.72236],[-73.50868,5.72533],[-73.50343,5.71636],[-73.48714,5.72298],[-73.47781,5.72261],[-73.47552,5.71677],[-73.46672,5.7211],[-73.464,5.72558],[-73.45629,5.72554]]]}},{"type":"Feature","properties":{"codigo_municipio":"15425","municipio":"MACANAL"},"geometry":{"type":"Polygon","coordinates":[[[-73.24798,5.0687],[-73.23152,5.05945],[-73.22781,5.04782],[-73.22985,5.04164],[-73.22645,5.038],[-73.22955,5.03125],[-73.22571,5.02876],[-73.22206,5.01901],[-73.2156,5.01793],[-73.21422,5.01511],[-73.21599,5.00946],[-73.21289,5.00539],[-73.21229,4.99533],[-73.21598,4.99381],[-73.21919,4.98837],[-73.22232,4.97375],[-73.22796,4.96354],[-73.26182,4.93131],[-73.27407,4.93125],[-73.28121,4.92809],[-73.29882,4.90311],[-73.30005,4.9083],[-73.31232,4.91959],[-73.32391,4.9121],[-73.32295,4.90492],[-73.33173,4.89872],[-73.33739,4.89851],[-73.34171,4.89341],[-73.35417,4.89348],[-73.36207,4.91796],[-73.36988,4.92214],[-73.3755,4.92863],[-73.36871,4.93963],[-73.36414,4.93966],[-73.35831,4.94422],[-73.3545,4.95071],[-73.35129,4.96985],[-73.34305,4.97681],[-73.35227,4.98489],[-73.35613,4.9941],[-73.35554,5.00238],[-73.36445,5.01426],[-73.36303,5.02036],[-73.35703,5.02384],[-73.34315,5.02619],[-73.34005,5.03554],[-73.33573,5.03941],[-73.32082,5.03877],[-73.2969,5.0479],[-73.28897,5.04789],[-73.29032,5.04275],[-73.28858,5.03493],[-73.28524,5.0336],[-73.28347,5.02944],[-73.2857,5.01974],[-73.28203,5.01863],[-73.25557,5.04591],[-73.25187,5.06185],[-73.24798,5.0687]]]}},{"type":"Feature","properties":{"codigo_municipio":"15442","municipio":"MARIPÍ"},"geometry":{"type":"Polygon","coordinates":[[[-74.05661,5.64941],[-74.05266,5.64576],[-74.05453,5.64202],[-74.05027,5.64011],[-74.0498,5.63618],[-74.04547,5.63329],[-74.03962,5.63584],[-74.0362,5.64191],[-74.03268,5.63671],[-74.02884,5.63527],[-74.02702,5.62177],[-74.02866,5.60418],[-74.02634,5.60147],[-74.01823,5.60418],[-74.01642,5.601],[-74.01057,5.60291],[-74.00828,5.60093],[-73.99836,5.61156],[-73.98468,5.60316],[-73.9795,5.59541],[-73.96856,5.59774],[-73.95869,5.5941],[-73.95585,5.5923],[-73.95674,5.58881],[-73.94681,5.58319],[-73.95004,5.57971],[-73.94943,5.57371],[-73.95203,5.57135],[-73.94892,5.56585],[-73.94117,5.56516],[-73.92589,5.57395],[-73.92442,5.56371],[-73.91309,5.5559],[-73.9104,5.55045],[-73.91678,5.54875],[-73.92027,5.54334],[-73.93045,5.5461],[-73.94142,5.54044],[-73.95217,5.53996],[-73.95899,5.54308],[-73.96279,5.5403],[-73.97007,5.52654],[-73.97505,5.53044],[-73.97816,5.52768],[-73.99033,5.52517],[-74.00216,5.52902],[-74.01376,5.52664],[-74.02103,5.52008],[-74.02321,5.50689],[-74.03205,5.5005],[-74.03373,5.49677],[-74.03741,5.49968],[-74.04255,5.498],[-74.04479,5.50156],[-74.04606,5.49933],[-74.04969,5.5015],[-74.05676,5.51857],[-74.05459,5.52283],[-74.06136,5.5254],[-74.06112,5.53256],[-74.06351,5.53178],[-74.07546,5.53894],[-74.0748,5.54381],[-74.07891,5.55263],[-74.07941,5.56016],[-74.08508,5.56743],[-74.09302,5.57132],[-74.09176,5.5781],[-74.0953,5.58339],[-74.09306,5.58698],[-74.09004,5.587],[-74.09269,5.59093],[-74.0903,5.59262],[-74.09225,5.5971],[-74.08722,5.59763],[-74.08904,5.6001],[-74.08748,5.60829],[-74.06502,5.63445],[-74.06586,5.64094],[-74.06197,5.64789],[-74.05661,5.64941]]]}},{"type":"Feature","properties":{"codigo_municipio":"15455","municipio":"MIRAFLORES"},"geometry":{"type":"Polygon","coordinates":[[[-73.16797,5.24001],[-73.16178,5.23923],[-73.15877,5.23541],[-73.15421,5.23462],[-73.12926,5.20881],[-73.12309,5.20769],[-73.10391,5.19297],[-73.10483,5.18519],[-73.09818,5.17013],[-73.09378,5.16805],[-73.08893,5.16051],[-73.08735,5.15471],[-73.08942,5.14957],[-73.10246,5.132],[-73.11786,5.10275],[-73.12336,5.10008],[-73.14097,5.08314],[-73.1438,5.08302],[-73.1515,5.07409],[-73.16567,5.07478],[-73.1748,5.06698],[-73.18991,5.06293],[-73.20574,5.06977],[-73.22164,5.07263],[-73.2281,5.07752],[-73.24849,5.06898],[-73.2517,5.07661],[-73.2502,5.08627],[-73.25629,5.0961],[-73.23868,5.11381],[-73.23846,5.1216],[-73.2324,5.13115],[-73.23614,5.13831],[-73.23063,5.14332],[-73.23653,5.14554],[-73.24172,5.14433],[-73.24568,5.15],[-73.25207,5.15294],[-73.26777,5.1554],[-73.26058,5.15677],[-73.25766,5.16065],[-73.25806,5.17252],[-73.27052,5.1767],[-73.29568,5.19832],[-73.29006,5.19764],[-73.28072,5.19197],[-73.27288,5.19285],[-73.26869,5.18953],[-73.26553,5.1914],[-73.25777,5.18495],[-73.25139,5.18903],[-73.2405,5.18912],[-73.22877,5.19779],[-73.2179,5.21087],[-73.21596,5.2182],[-73.21753,5.22711],[-73.21538,5.23174],[-73.20726,5.23594],[-73.19551,5.2362],[-73.19151,5.24003],[-73.17362,5.23662],[-73.16797,5.24001]]]}},{"type":"Feature","properties":{"codigo_municipio":"15464","municipio":"MONGUA"},"geometry":{"type":"Polygon","coordinates":[[[-72.6478,5.78348],[-72.63404,5.78173],[-72.62599,5.77694],[-72.62948,5.76451],[-72.62453,5.7671],[-72.62137,5.77368],[-72.61106,5.77162],[-72.60447,5.77582],[-72.58755,5.77335],[-72.58359,5.77113],[-72.58162,5.76565],[-72.58261,5.75847],[-72.58018,5.75231],[-72.58261,5.74794],[-72.57671,5.73665],[-72.58125,5.70855],[-72.57081,5.70983],[-72.57026,5.70825],[-72.57432,5.69274],[-72.57295,5.68898],[-72.5804,5.68023],[-72.58471,5.66584],[-72.58401,5.66077],[-72.59828,5.64814],[-72.59826,5.64356],[-72.59517,5.64067],[-72.59909,5.63401],[-72.59922,5.62778],[-72.60194,5.62642],[-72.59998,5.62228],[-72.60519,5.62041],[-72.60309,5.62519],[-72.60731,5.63081],[-72.62417,5.62907],[-72.62983,5.63062],[-72.62893,5.63589],[-72.63395,5.63995],[-72.63539,5.6453],[-72.65827,5.66218],[-72.66052,5.6668],[-72.67326,5.66824],[-72.67958,5.67343],[-72.6955,5.67342],[-72.69896,5.6766],[-72.69571,5.66222],[-72.70065,5.63827],[-72.70971,5.62968],[-72.71009,5.62556],[-72.71815,5.62431],[-72.72431,5.6187],[-72.73172,5.61732],[-72.74005,5.60895],[-72.74322,5.6096],[-72.74724,5.6173],[-72.74642,5.62826],[-72.75192,5.6308],[-72.7536,5.63838],[-72.76242,5.63857],[-72.76346,5.64501],[-72.77081,5.64339],[-72.7945,5.66104],[-72.79382,5.66853],[-72.79051,5.67331],[-72.78954,5.68749],[-72.79884,5.69396],[-72.79541,5.70353],[-72.79785,5.7064],[-72.79743,5.71162],[-72.80634,5.71379],[-72.81643,5.72284],[-72.82252,5.72368],[-72.82288,5.73364],[-72.82535,5.73672],[-72.82075,5.75116],[-72.81524,5.75079],[-72.80889,5.76065],[-72.79843,5.77096],[-72.79244,5.77335],[-72.78247,5.76715],[-72.77347,5.7731],[-72.76962,5.76712],[-72.76581,5.7665],[-72.73954,5.77368],[-72.71952,5.77293],[-72.71827,5.77113],[-72.71328,5.77329],[-72.70821,5.7714],[-72.69763,5.77453],[-72.68417,5.78331],[-72.67618,5.7839],[-72.66874,5.78075],[-72.6612,5.7852],[-72.65738,5.78254],[-72.65518,5.78783],[-72.6478,5.78348]]]}},{"type":"Feature","properties":{"codigo_municipio":"15466","municipio":"MONGUÍ"},"geometry":{"type":"Polygon","coordinates":[[[-72.85264,5.75183],[-72.8485,5.73917],[-72.83672,5.74044],[-72.82535,5.73672],[-72.82288,5.73364],[-72.82252,5.72368],[-72.81731,5.72329],[-72.80733,5.71438],[-72.79708,5.71089],[-72.79785,5.7064],[-72.79541,5.70353],[-72.79884,5.69396],[-72.78954,5.68749],[-72.79051,5.67331],[-72.79497,5.66442],[-72.79145,5.65884],[-72.81402,5.64428],[-72.81849,5.64322],[-72.82483,5.64596],[-72.82432,5.65391],[-72.83314,5.65369],[-72.83928,5.65974],[-72.84371,5.6675],[-72.85214,5.67438],[-72.85354,5.68548],[-72.86016,5.68089],[-72.87119,5.68997],[-72.87537,5.70569],[-72.87121,5.72175],[-72.87846,5.72632],[-72.87248,5.73267],[-72.87074,5.74269],[-72.86303,5.74972],[-72.85264,5.75183]]]}},{"type":"Feature","properties":{"codigo_municipio":"15469","municipio":"MONIQUIRÁ"},"geometry":{"type":"Polygon","coordinates":[[[-73.58955,5.9593],[-73.58854,5.95235],[-73.57928,5.95731],[-73.5695,5.95722],[-73.55999,5.95228],[-73.53798,5.94856],[-73.53477,5.94403],[-73.53203,5.94452],[-73.52799,5.94097],[-73.53042,5.93829],[-73.52694,5.93455],[-73.52842,5.92384],[-73.53289,5.91804],[-73.54291,5.91451],[-73.54222,5.91189],[-73.52718,5.89984],[-73.52448,5.89338],[-73.51235,5.8943],[-73.50968,5.88886],[-73.50649,5.89133],[-73.50762,5.88407],[-73.504,5.88183],[-73.50397,5.87567],[-73.49742,5.87113],[-73.49055,5.87099],[-73.48058,5.86002],[-73.46919,5.85457],[-73.46309,5.84747],[-73.46218,5.84248],[-73.46496,5.83394],[-73.47156,5.8216],[-73.47718,5.82806],[-73.49279,5.83088],[-73.49154,5.83887],[-73.5131,5.84695],[-73.50625,5.83474],[-73.50774,5.83218],[-73.51093,5.83358],[-73.51402,5.83158],[-73.48651,5.80328],[-73.50008,5.78644],[-73.4974,5.78266],[-73.50026,5.77887],[-73.50485,5.78801],[-73.51131,5.79028],[-73.52017,5.79893],[-73.52386,5.79948],[-73.52771,5.78824],[-73.53519,5.78761],[-73.53761,5.78982],[-73.5426,5.78671],[-73.54876,5.78904],[-73.55334,5.79404],[-73.56397,5.79604],[-73.56815,5.80199],[-73.57628,5.80596],[-73.57693,5.80191],[-73.58278,5.79543],[-73.58097,5.79241],[-73.58283,5.78944],[-73.59305,5.79566],[-73.61254,5.78362],[-73.62623,5.77857],[-73.62925,5.78952],[-73.62437,5.80372],[-73.62433,5.81229],[-73.60016,5.86942],[-73.61127,5.88714],[-73.6315,5.89524],[-73.63147,5.90565],[-73.6359,5.91116],[-73.62692,5.916],[-73.62179,5.92421],[-73.61472,5.9257],[-73.6074,5.93065],[-73.59324,5.95943],[-73.58955,5.9593]]]}},{"type":"Feature","properties":{"codigo_municipio":"15476","municipio":"MOTAVITA"},"geometry":{"type":"Polygon","coordinates":[[[-73.36062,5.65716],[-73.36249,5.64483],[-73.36502,5.64317],[-73.36311,5.62927],[-73.35937,5.63045],[-73.3576,5.62531],[-73.36062,5.62181],[-73.35968,5.61944],[-73.34453,5.60489],[-73.34295,5.59361],[-73.33901,5.58707],[-73.3456,5.57679],[-73.3495,5.57725],[-73.35615,5.57259],[-73.36199,5.55583],[-73.36565,5.55911],[-73.37887,5.55831],[-73.38492,5.56156],[-73.39073,5.55733],[-73.39606,5.56086],[-73.40002,5.55948],[-73.41198,5.5669],[-73.39527,5.58825],[-73.40617,5.60782],[-73.40619,5.61176],[-73.41114,5.617],[-73.40551,5.62354],[-73.40622,5.62844],[-73.4027,5.63452],[-73.39064,5.64472],[-73.39021,5.65006],[-73.38346,5.65644],[-73.3818,5.67256],[-73.36349,5.66505],[-73.36062,5.65716]]]}},{"type":"Feature","properties":{"codigo_municipio":"15480","municipio":"MUZO"},"geometry":{"type":"Polygon","coordinates":[[[-74.11808,5.60839],[-74.10959,5.60417],[-74.10737,5.60685],[-74.1,5.60571],[-74.09045,5.60012],[-74.08864,5.60316],[-74.08722,5.59763],[-74.09233,5.59644],[-74.0903,5.59262],[-74.09269,5.59093],[-74.09004,5.587],[-74.09527,5.5845],[-74.09176,5.5781],[-74.09302,5.57132],[-74.08508,5.56743],[-74.07941,5.56016],[-74.07891,5.55263],[-74.0748,5.54381],[-74.07546,5.53894],[-74.06351,5.53178],[-74.06112,5.53256],[-74.06136,5.5254],[-74.05459,5.52283],[-74.05674,5.51882],[-74.0538,5.51461],[-74.05543,5.5132],[-74.05122,5.5031],[-74.04699,5.49972],[-74.0522,5.49538],[-74.05393,5.49937],[-74.0586,5.50156],[-74.06259,5.49833],[-74.06502,5.499],[-74.07757,5.48556],[-74.0953,5.47847],[-74.09792,5.46985],[-74.11641,5.47409],[-74.11346,5.46466],[-74.12091,5.44556],[-74.12292,5.42943],[-74.12547,5.42897],[-74.13108,5.43159],[-74.13187,5.43649],[-74.13668,5.43882],[-74.13866,5.44632],[-74.14647,5.44858],[-74.15093,5.44432],[-74.15446,5.44788],[-74.16066,5.44777],[-74.17656,5.46343],[-74.17432,5.46558],[-74.17592,5.47061],[-74.17297,5.47367],[-74.15766,5.47783],[-74.14771,5.48599],[-74.14917,5.48892],[-74.14366,5.49973],[-74.13881,5.50062],[-74.13472,5.50487],[-74.12917,5.52681],[-74.1422,5.53314],[-74.14478,5.53873],[-74.15139,5.54202],[-74.15558,5.54823],[-74.1581,5.54652],[-74.16136,5.54842],[-74.15736,5.55378],[-74.16369,5.56783],[-74.1626,5.57422],[-74.1649,5.57923],[-74.16061,5.58905],[-74.16163,5.59793],[-74.16008,5.59501],[-74.1492,5.59788],[-74.14467,5.59551],[-74.13332,5.59588],[-74.13068,5.60026],[-74.12516,5.60269],[-74.12501,5.60567],[-74.11808,5.60839]]]}},{"type":"Feature","properties":{"codigo_municipio":"15491","municipio":"NOBSA"},"geometry":{"type":"Polygon","coordinates":[[[-72.89818,5.7593],[-72.89974,5.76197],[-72.91214,5.75748],[-72.92806,5.75926],[-72.93353,5.75408],[-72.93117,5.75008],[-72.93445,5.75214],[-72.94541,5.7477],[-72.94472,5.74611],[-72.94719,5.74873],[-72.94736,5.74604],[-72.95183,5.74803],[-72.95465,5.74457],[-72.95915,5.74416],[-72.95795,5.74657],[-72.96046,5.75023],[-72.97147,5.75621],[-72.97229,5.76787],[-72.97618,5.77598],[-72.9857,5.78305],[-72.98621,5.78668],[-72.97889,5.78836],[-72.9824,5.80056],[-72.97452,5.80331],[-72.96719,5.80188],[-72.9501,5.80842],[-72.94325,5.80659],[-72.94298,5.80423],[-72.93869,5.80377],[-72.93341,5.79885],[-72.92684,5.80102],[-72.91284,5.79767],[-72.90297,5.80148],[-72.89668,5.79535],[-72.89226,5.79655],[-72.88635,5.79376],[-72.87883,5.79521],[-72.87676,5.79385],[-72.87776,5.78549],[-72.87396,5.77546],[-72.87689,5.77587],[-72.87267,5.77337],[-72.87521,5.77043],[-72.88311,5.76969],[-72.88152,5.76836],[-72.88544,5.76288],[-72.89117,5.76361],[-72.89537,5.75827],[-72.89818,5.7593]]]}},{"type":"Feature","properties":{"codigo_municipio":"15494","municipio":"NUEVO COLÓN"},"geometry":{"type":"Polygon","coordinates":[[[-73.4359,5.41526],[-73.43362,5.41059],[-73.4277,5.40977],[-73.42168,5.40387],[-73.41986,5.39067],[-73.41514,5.3796],[-73.41891,5.37289],[-73.4192,5.36676],[-73.4166,5.363],[-73.41872,5.35538],[-73.44014,5.33024],[-73.44817,5.32699],[-73.44785,5.31887],[-73.45458,5.31001],[-73.45176,5.30917],[-73.45172,5.30421],[-73.45826,5.29542],[-73.46507,5.29102],[-73.46796,5.29498],[-73.471,5.29429],[-73.478,5.28944],[-73.48011,5.29708],[-73.47469,5.30563],[-73.47401,5.31125],[-73.46864,5.31742],[-73.47211,5.32577],[-73.46833,5.33205],[-73.47274,5.34706],[-73.48155,5.35423],[-73.47765,5.3701],[-73.46728,5.37878],[-73.46063,5.37757],[-73.45331,5.3867],[-73.44954,5.38485],[-73.44753,5.38679],[-73.44201,5.39787],[-73.44092,5.41515],[-73.4359,5.41526]]]}},{"type":"Feature","properties":{"codigo_municipio":"15500","municipio":"OICATÁ"},"geometry":{"type":"Polygon","coordinates":[[[-73.26401,5.66147],[-73.25597,5.6566],[-73.25703,5.64028],[-73.25313,5.63405],[-73.24497,5.6275],[-73.24297,5.63113],[-73.23177,5.62666],[-73.23608,5.61367],[-73.24283,5.61142],[-73.2468,5.60525],[-73.25056,5.59427],[-73.24892,5.5871],[-73.2529,5.58033],[-73.26443,5.57541],[-73.28196,5.58015],[-73.30683,5.56964],[-73.32152,5.58323],[-73.32678,5.57927],[-73.32464,5.58626],[-73.32613,5.58948],[-73.32177,5.59781],[-73.31794,5.61541],[-73.30028,5.62995],[-73.28505,5.6494],[-73.27849,5.65222],[-73.27808,5.65592],[-73.27028,5.65847],[-73.26728,5.66453],[-73.26401,5.66147]]]}},{"type":"Feature","properties":{"codigo_municipio":"15507","municipio":"OTANCHE"},"geometry":{"type":"Polygon","coordinates":[[[-74.17964,5.91068],[-74.16624,5.89789],[-74.14772,5.88994],[-74.13333,5.87592],[-74.11295,5.87564],[-74.10596,5.87908],[-74.10308,5.877],[-74.10001,5.8722],[-74.10036,5.8679],[-74.09165,5.85846],[-74.08903,5.84152],[-74.0843,5.84405],[-74.08537,5.83753],[-74.08179,5.83758],[-74.07963,5.83449],[-74.08138,5.82363],[-74.07893,5.81448],[-74.09044,5.79073],[-74.09122,5.78233],[-74.0891,5.7787],[-74.09256,5.77127],[-74.09056,5.76538],[-74.09265,5.75971],[-74.09905,5.75888],[-74.10152,5.75587],[-74.10495,5.75693],[-74.10868,5.75522],[-74.10894,5.75255],[-74.11102,5.75446],[-74.11376,5.75143],[-74.11659,5.7552],[-74.12342,5.74867],[-74.13625,5.74994],[-74.13913,5.75226],[-74.14243,5.74872],[-74.14812,5.74844],[-74.1496,5.74453],[-74.15378,5.74204],[-74.15582,5.74338],[-74.15792,5.74042],[-74.15603,5.7384],[-74.16241,5.73084],[-74.16148,5.72639],[-74.16497,5.72361],[-74.16667,5.72513],[-74.16741,5.72019],[-74.17225,5.71796],[-74.16889,5.71627],[-74.17362,5.7081],[-74.17393,5.69407],[-74.17051,5.6882],[-74.17423,5.68025],[-74.17303,5.66881],[-74.1755,5.66431],[-74.17272,5.65474],[-74.17907,5.64317],[-74.1845,5.63998],[-74.17907,5.63885],[-74.16948,5.64163],[-74.1691,5.63642],[-74.16437,5.63689],[-74.1654,5.61793],[-74.15886,5.59609],[-74.16046,5.5951],[-74.16176,5.59795],[-74.16436,5.59537],[-74.17141,5.59821],[-74.17586,5.59404],[-74.17978,5.59432],[-74.18223,5.58817],[-74.195,5.57673],[-74.19873,5.57778],[-74.20255,5.58588],[-74.20378,5.59089],[-74.20173,5.59558],[-74.2066,5.60755],[-74.22079,5.60939],[-74.22544,5.61344],[-74.22347,5.61797],[-74.24003,5.62693],[-74.24327,5.62434],[-74.24679,5.62541],[-74.25648,5.63874],[-74.26787,5.63483],[-74.26903,5.62879],[-74.27442,5.63184],[-74.2883,5.6328],[-74.29062,5.63654],[-74.29697,5.63464],[-74.29969,5.6385],[-74.30617,5.63844],[-74.30864,5.64708],[-74.30477,5.64914],[-74.30411,5.65317],[-74.30046,5.65188],[-74.30062,5.6557],[-74.29209,5.66077],[-74.29251,5.66372],[-74.28731,5.66209],[-74.28515,5.66371],[-74.28417,5.66759],[-74.28639,5.67011],[-74.28388,5.66919],[-74.28329,5.67214],[-74.28504,5.67507],[-74.28255,5.67495],[-74.28375,5.67899],[-74.27897,5.68493],[-74.28101,5.68712],[-74.27598,5.69219],[-74.27847,5.69354],[-74.27714,5.69636],[-74.27925,5.69921],[-74.28159,5.69759],[-74.28429,5.70126],[-74.29296,5.70147],[-74.29669,5.70651],[-74.30196,5.70465],[-74.30131,5.70776],[-74.30424,5.71151],[-74.30101,5.71628],[-74.30219,5.72468],[-74.29542,5.73409],[-74.29166,5.73524],[-74.2914,5.74033],[-74.28723,5.74549],[-74.28889,5.75001],[-74.29586,5.75457],[-74.29405,5.75973],[-74.29693,5.76408],[-74.29168,5.76324],[-74.28698,5.77454],[-74.27485,5.78728],[-74.27088,5.80336],[-74.26473,5.80796],[-74.26218,5.81545],[-74.26257,5.82569],[-74.26608,5.83459],[-74.24788,5.83327],[-74.23182,5.83581],[-74.23004,5.83856],[-74.22567,5.83909],[-74.22476,5.84685],[-74.2194,5.84567],[-74.22109,5.84896],[-74.21654,5.85019],[-74.21475,5.85384],[-74.2084,5.85394],[-74.20624,5.85626],[-74.20325,5.85133],[-74.1973,5.85294],[-74.1942,5.86486],[-74.19905,5.86984],[-74.20007,5.87666],[-74.19355,5.87896],[-74.18963,5.88421],[-74.19012,5.89059],[-74.18296,5.90479],[-74.18667,5.90726],[-74.18426,5.91037],[-74.17964,5.91068]]]}},{"type":"Feature","properties":{"codigo_municipio":"15511","municipio":"PACHAVITA"},"geometry":{"type":"Polygon","coordinates":[[[-73.38706,5.21289],[-73.3856,5.2024],[-73.3808,5.19677],[-73.3809,5.18957],[-73.38538,5.18332],[-73.38405,5.1663],[-73.3857,5.16302],[-73.38007,5.1604],[-73.37604,5.1549],[-73.37207,5.15514],[-73.36953,5.14453],[-73.36301,5.13454],[-73.36547,5.1285],[-73.36398,5.1203],[-73.37598,5.10271],[-73.37426,5.09885],[-73.37713,5.09287],[-73.38389,5.08484],[-73.39143,5.08971],[-73.39775,5.10187],[-73.41842,5.11316],[-73.41988,5.1222],[-73.43156,5.13594],[-73.43986,5.15272],[-73.43527,5.16524],[-73.42468,5.18287],[-73.4165,5.18905],[-73.41199,5.19638],[-73.40682,5.1984],[-73.39869,5.21232],[-73.39238,5.21685],[-73.38706,5.21289]]]}},{"type":"Feature","properties":{"codigo_municipio":"15514","municipio":"PÁEZ"},"geometry":{"type":"Polygon","coordinates":[[[-73.00363,5.21145],[-72.99289,5.20841],[-72.98235,5.19605],[-72.97503,5.19687],[-72.95112,5.21329],[-72.94496,5.21025],[-72.93499,5.21298],[-72.93672,5.21054],[-72.93491,5.20763],[-72.93706,5.20699],[-72.93979,5.19957],[-72.94607,5.19538],[-72.94921,5.18997],[-72.95037,5.17624],[-72.95431,5.17447],[-72.95821,5.16512],[-72.96212,5.16354],[-72.96054,5.16067],[-72.96335,5.15608],[-72.97127,5.15382],[-72.9735,5.14649],[-72.96794,5.13723],[-72.96557,5.1367],[-72.9649,5.13278],[-72.95719,5.13125],[-72.94964,5.12289],[-72.94237,5.11998],[-72.93731,5.11417],[-72.9358,5.10746],[-72.92859,5.09967],[-72.92269,5.09892],[-72.90931,5.10346],[-72.90582,5.09511],[-72.90382,5.06793],[-72.92847,5.04724],[-72.93046,5.04146],[-72.92607,5.02963],[-72.93916,5.02302],[-72.95283,5.00965],[-72.95681,5.0035],[-72.9571,4.9969],[-72.96771,4.98963],[-72.97046,4.9796],[-72.97528,4.97476],[-72.97942,4.98054],[-72.98876,4.98661],[-72.99715,4.98791],[-73.00461,4.99705],[-73.01072,4.99749],[-73.01654,5.00266],[-73.01984,5.0016],[-73.01856,4.99714],[-73.0235,4.98833],[-73.03051,4.98231],[-73.0261,4.99781],[-73.02833,5.02559],[-73.04717,5.02015],[-73.06371,5.0107],[-73.06601,5.01141],[-73.06306,5.02404],[-73.06964,5.03148],[-73.0826,5.03667],[-73.08713,5.04287],[-73.07943,5.05033],[-73.07248,5.06594],[-73.07491,5.06952],[-73.07281,5.07611],[-73.06761,5.08063],[-73.07117,5.09608],[-73.08541,5.10066],[-73.10096,5.10111],[-73.11275,5.11191],[-73.10246,5.132],[-73.08942,5.14957],[-73.08735,5.15471],[-73.08905,5.16072],[-73.08322,5.16002],[-73.07761,5.16242],[-73.07225,5.16908],[-73.05779,5.1614],[-73.04508,5.16712],[-73.03327,5.17524],[-73.02827,5.18766],[-73.01172,5.21298],[-73.01006,5.21452],[-73.00363,5.21145]]]}},{"type":"Feature","properties":{"codigo_municipio":"15516","municipio":"PAIPA"},"geometry":{"type":"Polygon","coordinates":[[[-73.13046,5.91292],[-73.13574,5.90763],[-73.13058,5.90623],[-73.11816,5.89416],[-73.10946,5.89128],[-73.10743,5.88516],[-73.11013,5.87228],[-73.11933,5.87062],[-73.1172,5.86651],[-73.10393,5.85758],[-73.09873,5.84956],[-73.08205,5.83438],[-73.07734,5.80843],[-73.08001,5.79519],[-73.07778,5.78657],[-73.08192,5.7795],[-73.08124,5.77614],[-73.07697,5.77288],[-73.06929,5.77332],[-73.06504,5.77038],[-73.06134,5.77596],[-73.05081,5.77388],[-73.05904,5.76174],[-73.06208,5.75065],[-73.06375,5.74847],[-73.06613,5.75004],[-73.06783,5.74674],[-73.06618,5.74515],[-73.06593,5.71656],[-73.06224,5.70282],[-73.05697,5.70192],[-73.05945,5.68697],[-73.07545,5.67839],[-73.07845,5.67307],[-73.09308,5.66629],[-73.10196,5.65888],[-73.10813,5.66089],[-73.10684,5.66773],[-73.11049,5.67267],[-73.10972,5.67536],[-73.12804,5.69779],[-73.15842,5.71978],[-73.15464,5.73625],[-73.16853,5.74488],[-73.16716,5.74932],[-73.17432,5.75988],[-73.17512,5.76622],[-73.1712,5.76947],[-73.17384,5.77203],[-73.16935,5.78318],[-73.17043,5.78946],[-73.1652,5.79114],[-73.13744,5.82111],[-73.13239,5.83435],[-73.1339,5.84659],[-73.12995,5.85481],[-73.14121,5.85189],[-73.15907,5.85216],[-73.16358,5.8478],[-73.17364,5.85156],[-73.18331,5.85013],[-73.19603,5.86743],[-73.19772,5.87302],[-73.20348,5.87655],[-73.20725,5.88884],[-73.22137,5.89225],[-73.22132,5.91057],[-73.20831,5.9215],[-73.21736,5.93607],[-73.22474,5.94114],[-73.21972,5.95946],[-73.2163,5.96228],[-73.22049,5.97272],[-73.21844,5.9813],[-73.21034,5.98806],[-73.19931,6.00313],[-73.17721,5.99549],[-73.17171,5.98965],[-73.17156,5.98055],[-73.16853,5.97064],[-73.16304,5.96669],[-73.16029,5.9496],[-73.14498,5.9425],[-73.14153,5.93648],[-73.12916,5.93254],[-73.1315,5.92709],[-73.12642,5.91813],[-73.13046,5.91292]]]}},{"type":"Feature","properties":{"codigo_municipio":"15518","municipio":"PAJARITO"},"geometry":{"type":"Polygon","coordinates":[[[-72.7258,5.48648],[-72.7131,5.48421],[-72.70754,5.47901],[-72.70838,5.46335],[-72.70617,5.46],[-72.70872,5.45718],[-72.70783,5.45275],[-72.70395,5.44523],[-72.69525,5.43928],[-72.6785,5.45121],[-72.66677,5.4416],[-72.66673,5.43565],[-72.65456,5.43221],[-72.64196,5.42494],[-72.62203,5.42128],[-72.61017,5.42988],[-72.60191,5.42653],[-72.59751,5.42759],[-72.59121,5.42381],[-72.59011,5.41849],[-72.59432,5.41541],[-72.59397,5.40913],[-72.59971,5.39795],[-72.58928,5.38316],[-72.58556,5.3832],[-72.57414,5.37591],[-72.57093,5.37696],[-72.56724,5.37337],[-72.57975,5.35033],[-72.59173,5.35803],[-72.59563,5.35236],[-72.60104,5.35396],[-72.60938,5.3484],[-72.61443,5.34828],[-72.61969,5.35154],[-72.62712,5.34305],[-72.63336,5.34209],[-72.6377,5.3362],[-72.63696,5.3284],[-72.6486,5.32176],[-72.65384,5.30535],[-72.65864,5.30171],[-72.6661,5.30132],[-72.6675,5.29414],[-72.6815,5.29044],[-72.68841,5.28187],[-72.70078,5.27927],[-72.70057,5.27328],[-72.70321,5.27725],[-72.70437,5.27551],[-72.71058,5.28083],[-72.71503,5.28069],[-72.72026,5.28856],[-72.71816,5.30132],[-72.72558,5.31802],[-72.73841,5.32018],[-72.74786,5.32837],[-72.75689,5.33137],[-72.77132,5.34963],[-72.77828,5.36588],[-72.78496,5.37111],[-72.79381,5.3752],[-72.79832,5.38014],[-72.80957,5.38358],[-72.81207,5.37817],[-72.81506,5.38121],[-72.80528,5.39412],[-72.7976,5.39613],[-72.7971,5.41605],[-72.78495,5.43706],[-72.78011,5.43945],[-72.77151,5.44946],[-72.75852,5.45662],[-72.74994,5.46743],[-72.73658,5.47089],[-72.7258,5.48648]]]}},{"type":"Feature","properties":{"codigo_municipio":"15522","municipio":"PANQUEBA"},"geometry":{"type":"Polygon","coordinates":[[[-72.43656,6.49232],[-72.43649,6.48519],[-72.4408,6.47888],[-72.44356,6.46209],[-72.44179,6.45779],[-72.43764,6.459],[-72.43371,6.45407],[-72.4309,6.44001],[-72.44716,6.42654],[-72.44799,6.42336],[-72.45877,6.42176],[-72.456,6.41626],[-72.46711,6.40769],[-72.47248,6.39652],[-72.4711,6.39536],[-72.47741,6.3913],[-72.48165,6.39414],[-72.48598,6.39096],[-72.49679,6.40082],[-72.48645,6.40867],[-72.48544,6.43186],[-72.48151,6.43936],[-72.47213,6.44721],[-72.47145,6.45266],[-72.48571,6.46415],[-72.47585,6.46615],[-72.47138,6.47877],[-72.46297,6.48189],[-72.4568,6.48973],[-72.44724,6.48932],[-72.43651,6.49494],[-72.43656,6.49232]]]}},{"type":"Feature","properties":{"codigo_municipio":"15531","municipio":"PAUNA"},"geometry":{"type":"Polygon","coordinates":[[[-74.05801,5.81986],[-74.03388,5.81159],[-74.02574,5.80651],[-74.02813,5.80387],[-74.02336,5.79525],[-74.02506,5.78076],[-74.01985,5.78212],[-74.01686,5.77639],[-74.01103,5.77473],[-74.01407,5.76431],[-74.00777,5.76279],[-74.00176,5.75516],[-73.99731,5.74009],[-73.99148,5.73387],[-73.99155,5.7291],[-73.97545,5.71544],[-73.97561,5.70929],[-73.97246,5.70725],[-73.97145,5.70284],[-73.95403,5.70031],[-73.94632,5.69493],[-73.94988,5.68792],[-73.9441,5.67306],[-73.94606,5.66881],[-73.94139,5.65953],[-73.944,5.65465],[-73.94393,5.64619],[-73.93685,5.6328],[-73.93311,5.6321],[-73.93141,5.62813],[-73.92251,5.63905],[-73.91827,5.63482],[-73.90386,5.62937],[-73.90139,5.62135],[-73.89774,5.61961],[-73.90985,5.59373],[-73.91885,5.58092],[-73.92475,5.57464],[-73.94117,5.56516],[-73.94892,5.56585],[-73.95027,5.56787],[-73.95198,5.57163],[-73.94957,5.57321],[-73.95004,5.57971],[-73.94681,5.58319],[-73.95674,5.58881],[-73.95585,5.5923],[-73.96856,5.59774],[-73.9795,5.59541],[-73.98468,5.60316],[-73.99836,5.61156],[-74.00828,5.60093],[-74.01057,5.60291],[-74.01642,5.601],[-74.01823,5.60418],[-74.02634,5.60147],[-74.02866,5.60418],[-74.02702,5.60636],[-74.02907,5.61238],[-74.02724,5.6318],[-74.03013,5.63721],[-74.03268,5.63671],[-74.0362,5.64191],[-74.03962,5.63584],[-74.04547,5.63329],[-74.0498,5.63618],[-74.05027,5.64011],[-74.05453,5.64202],[-74.05346,5.64723],[-74.05589,5.64958],[-74.06065,5.6492],[-74.05994,5.65622],[-74.04699,5.67367],[-74.04651,5.67962],[-74.05075,5.68324],[-74.04458,5.68948],[-74.03966,5.69084],[-74.04085,5.6991],[-74.03852,5.7063],[-74.04193,5.71422],[-74.04809,5.71715],[-74.05128,5.72243],[-74.05926,5.72396],[-74.08497,5.73981],[-74.09328,5.75655],[-74.09056,5.76538],[-74.09256,5.77127],[-74.0891,5.7787],[-74.09122,5.78233],[-74.09044,5.79073],[-74.07953,5.8125],[-74.07926,5.8185],[-74.06786,5.81818],[-74.06793,5.81535],[-74.0653,5.81486],[-74.06253,5.81963],[-74.05801,5.81986]]]}},{"type":"Feature","properties":{"codigo_municipio":"15533","municipio":"PAYA"},"geometry":{"type":"Polygon","coordinates":[[[-72.2955,5.75424],[-72.28604,5.7485],[-72.28038,5.74955],[-72.27654,5.74287],[-72.27707,5.73762],[-72.27419,5.73556],[-72.27694,5.73084],[-72.27433,5.72805],[-72.26921,5.72863],[-72.26571,5.71737],[-72.26226,5.71559],[-72.25626,5.70306],[-72.24788,5.69536],[-72.24951,5.68505],[-72.23571,5.6874],[-72.22654,5.67901],[-72.22362,5.67955],[-72.2247,5.67751],[-72.22133,5.67536],[-72.2284,5.66683],[-72.27214,5.66222],[-72.27332,5.65522],[-72.26269,5.63354],[-72.27082,5.62197],[-72.28747,5.60564],[-72.28917,5.59488],[-72.28561,5.58656],[-72.28517,5.57463],[-72.29579,5.55334],[-72.29466,5.51824],[-72.3009,5.50597],[-72.31759,5.49803],[-72.32841,5.4972],[-72.3381,5.5008],[-72.34589,5.50689],[-72.34743,5.51235],[-72.3569,5.51789],[-72.36205,5.52805],[-72.36647,5.52875],[-72.36924,5.53419],[-72.37554,5.53796],[-72.37564,5.54446],[-72.38318,5.55492],[-72.38393,5.55979],[-72.39683,5.57033],[-72.3996,5.56844],[-72.40366,5.57],[-72.40625,5.56629],[-72.40909,5.56788],[-72.40997,5.56427],[-72.41457,5.56587],[-72.4209,5.56324],[-72.42275,5.55965],[-72.42113,5.55808],[-72.42545,5.55569],[-72.42542,5.54651],[-72.42749,5.54791],[-72.4375,5.53305],[-72.44051,5.53171],[-72.44444,5.52067],[-72.45571,5.53895],[-72.46312,5.54298],[-72.46381,5.54912],[-72.45751,5.55748],[-72.45931,5.56294],[-72.46271,5.56584],[-72.47717,5.56813],[-72.48103,5.57246],[-72.4897,5.57604],[-72.49292,5.58401],[-72.50066,5.59267],[-72.50513,5.59454],[-72.51022,5.59175],[-72.51792,5.59848],[-72.51321,5.61497],[-72.50026,5.62657],[-72.49237,5.63856],[-72.48879,5.66393],[-72.47476,5.66495],[-72.47861,5.67086],[-72.47056,5.67898],[-72.46699,5.68998],[-72.45952,5.70206],[-72.44626,5.68903],[-72.448,5.6801],[-72.44464,5.68752],[-72.42444,5.69062],[-72.41692,5.68721],[-72.4024,5.69267],[-72.39455,5.69054],[-72.38698,5.68146],[-72.36999,5.68286],[-72.35706,5.69732],[-72.35029,5.68911],[-72.32604,5.68892],[-72.31267,5.70778],[-72.29777,5.74409],[-72.29717,5.75451],[-72.2955,5.75424]]]}},{"type":"Feature","properties":{"codigo_municipio":"15537","municipio":"PAZ DE RÍO"},"geometry":{"type":"Polygon","coordinates":[[[-72.78276,6.09039],[-72.77091,6.08186],[-72.757,6.08176],[-72.74415,6.0766],[-72.73897,6.07116],[-72.724,6.06875],[-72.71906,6.06563],[-72.71498,6.05795],[-72.71681,6.05295],[-72.71547,6.04709],[-72.72002,6.03788],[-72.71797,6.03339],[-72.71965,6.02774],[-72.71479,6.02726],[-72.70149,6.01807],[-72.70446,6.00872],[-72.71681,5.99736],[-72.73705,5.99201],[-72.74593,5.98472],[-72.75544,5.98177],[-72.77921,5.95449],[-72.79456,5.96426],[-72.81539,5.96536],[-72.81827,5.97801],[-72.81341,5.97965],[-72.80955,5.98669],[-72.79685,5.99431],[-72.79141,6.00655],[-72.79518,6.0125],[-72.79577,6.01903],[-72.80389,6.01673],[-72.81404,6.02621],[-72.81227,6.03016],[-72.8152,6.04069],[-72.81132,6.04789],[-72.81018,6.05801],[-72.81417,6.08141],[-72.81274,6.08882],[-72.81041,6.0952],[-72.80193,6.09038],[-72.79492,6.09995],[-72.78276,6.09039]]]}},{"type":"Feature","properties":{"codigo_municipio":"15542","municipio":"PESCA"},"geometry":{"type":"Polygon","coordinates":[[[-73.05574,5.6318],[-73.04158,5.63182],[-73.02944,5.6271],[-73.01656,5.6396],[-73.00853,5.6434],[-73.0039,5.6396],[-73.00593,5.63137],[-72.99512,5.62849],[-72.99782,5.6201],[-73.00376,5.61238],[-73.00149,5.59913],[-73.00364,5.59284],[-73.01092,5.59209],[-73.01298,5.58914],[-73.01231,5.57921],[-73.00934,5.57698],[-73.02563,5.55955],[-73.04301,5.52696],[-73.04348,5.51372],[-73.05789,5.48647],[-73.05931,5.47616],[-73.06373,5.47119],[-73.06054,5.46586],[-73.06592,5.45889],[-73.06794,5.44443],[-73.07192,5.43634],[-73.06609,5.43459],[-73.06505,5.42621],[-73.06138,5.42319],[-73.05499,5.42885],[-73.0399,5.43223],[-73.03916,5.42798],[-73.04806,5.41353],[-73.05104,5.41427],[-73.05499,5.40446],[-73.05419,5.39441],[-73.04745,5.3893],[-73.04552,5.38455],[-73.04214,5.38411],[-73.05123,5.37825],[-73.04981,5.37331],[-73.05328,5.3744],[-73.05574,5.3687],[-73.06172,5.36646],[-73.06651,5.3693],[-73.0747,5.36897],[-73.09027,5.36152],[-73.10262,5.35137],[-73.10989,5.34821],[-73.11475,5.34872],[-73.12567,5.35538],[-73.13202,5.36788],[-73.12127,5.38506],[-73.12682,5.38984],[-73.13064,5.40098],[-73.14173,5.41296],[-73.13783,5.42427],[-73.13249,5.43083],[-73.12409,5.45633],[-73.12958,5.45906],[-73.13388,5.46857],[-73.14614,5.47796],[-73.14729,5.48205],[-73.14492,5.47976],[-73.1409,5.48414],[-73.14169,5.49467],[-73.13868,5.50299],[-73.13059,5.50984],[-73.12901,5.51498],[-73.11586,5.52472],[-73.11335,5.53719],[-73.10553,5.5485],[-73.10398,5.55929],[-73.08923,5.58475],[-73.08404,5.60774],[-73.07944,5.61809],[-73.07624,5.62011],[-73.07846,5.6251],[-73.07031,5.63885],[-73.06331,5.64556],[-73.05574,5.6318]]]}},{"type":"Feature","properties":{"codigo_municipio":"15550","municipio":"PISBA"},"geometry":{"type":"Polygon","coordinates":[[[-72.45472,5.85084],[-72.43494,5.84856],[-72.4293,5.84284],[-72.42135,5.84335],[-72.4014,5.83667],[-72.39425,5.82656],[-72.39193,5.81895],[-72.38365,5.81782],[-72.36655,5.81058],[-72.35117,5.81144],[-72.34805,5.80538],[-72.33156,5.8029],[-72.32923,5.79581],[-72.32507,5.79334],[-72.31698,5.79605],[-72.3076,5.7928],[-72.30336,5.78924],[-72.30579,5.78726],[-72.30469,5.78312],[-72.30719,5.77952],[-72.29795,5.77215],[-72.29627,5.76757],[-72.30082,5.75983],[-72.29717,5.75451],[-72.29777,5.74409],[-72.3131,5.70693],[-72.32722,5.68846],[-72.35029,5.68911],[-72.35706,5.69732],[-72.36999,5.68286],[-72.38698,5.68146],[-72.39455,5.69054],[-72.4024,5.69267],[-72.41692,5.68721],[-72.42444,5.69062],[-72.44464,5.68752],[-72.448,5.6801],[-72.44626,5.68903],[-72.45952,5.70206],[-72.46699,5.68998],[-72.47056,5.67898],[-72.47861,5.67086],[-72.47476,5.66495],[-72.48887,5.66379],[-72.49237,5.63856],[-72.50026,5.62657],[-72.51283,5.61549],[-72.51454,5.60862],[-72.53027,5.61834],[-72.54568,5.62435],[-72.54458,5.63602],[-72.54958,5.64499],[-72.55056,5.65549],[-72.54281,5.66663],[-72.53949,5.67669],[-72.55249,5.68525],[-72.55589,5.69329],[-72.56274,5.69614],[-72.56898,5.70907],[-72.58125,5.70855],[-72.57671,5.73665],[-72.58261,5.74794],[-72.58023,5.75426],[-72.58256,5.75803],[-72.5814,5.76413],[-72.58359,5.77113],[-72.57511,5.77572],[-72.56567,5.77584],[-72.54931,5.78818],[-72.54401,5.78802],[-72.54069,5.78481],[-72.51222,5.79153],[-72.51391,5.79328],[-72.50576,5.79763],[-72.50452,5.8035],[-72.48749,5.8169],[-72.4843,5.8294],[-72.47913,5.83387],[-72.47743,5.83992],[-72.46183,5.84705],[-72.45909,5.85072],[-72.45472,5.85084]]]}},{"type":"Feature","properties":{"codigo_municipio":"15572","municipio":"PUERTO BOYACÁ"},"geometry":{"type":"Polygon","coordinates":[[[-74.5207,6.24575],[-74.52253,6.24457],[-74.52028,6.24315],[-74.52171,6.24154],[-74.51125,6.23043],[-74.51319,6.22404],[-74.50617,6.21419],[-74.49651,6.21213],[-74.48286,6.19981],[-74.47579,6.20418],[-74.46963,6.20139],[-74.47455,6.18912],[-74.47337,6.17499],[-74.47948,6.15964],[-74.47468,6.15479],[-74.46865,6.15378],[-74.46741,6.1501],[-74.45263,6.13568],[-74.45676,6.12765],[-74.44984,6.10906],[-74.45169,6.09929],[-74.44225,6.09263],[-74.43713,6.09201],[-74.4348,6.08866],[-74.43199,6.0905],[-74.43017,6.08669],[-74.42655,6.08888],[-74.42548,6.08559],[-74.42328,6.08682],[-74.42093,6.0848],[-74.41262,6.08859],[-74.40799,6.08646],[-74.40086,6.07913],[-74.39946,6.07365],[-74.40194,6.06632],[-74.39766,6.06033],[-74.38617,6.05344],[-74.38429,6.04827],[-74.38083,6.04812],[-74.38373,6.04372],[-74.38306,6.04028],[-74.37882,6.03959],[-74.37362,6.04485],[-74.36697,6.04687],[-74.36275,6.03985],[-74.35536,6.03766],[-74.3533,6.04142],[-74.34755,6.03852],[-74.34489,6.04253],[-74.34407,6.05233],[-74.3417,6.05298],[-74.33607,6.06308],[-74.33733,6.06498],[-74.32948,6.06444],[-74.32528,6.06868],[-74.32101,6.06711],[-74.31933,6.07074],[-74.31535,6.06774],[-74.30869,6.07687],[-74.30661,6.07238],[-74.3042,6.07354],[-74.30243,6.08124],[-74.29807,6.08411],[-74.28855,6.07955],[-74.28694,6.08248],[-74.28065,6.0783],[-74.27553,6.08042],[-74.27763,6.07366],[-74.27272,6.07358],[-74.27108,6.06941],[-74.26748,6.07078],[-74.25872,6.06552],[-74.25845,6.0595],[-74.26558,6.05252],[-74.26063,6.05064],[-74.26418,6.03229],[-74.26168,6.02537],[-74.2583,6.02287],[-74.26062,6.01427],[-74.25494,6.00588],[-74.25541,6.00219],[-74.25011,6.00031],[-74.24785,5.99503],[-74.24202,5.99156],[-74.22227,5.96851],[-74.2389,5.94369],[-74.23727,5.93517],[-74.23469,5.93216],[-74.22726,5.93091],[-74.22449,5.92324],[-74.22829,5.91716],[-74.22863,5.91028],[-74.23196,5.90747],[-74.23114,5.90501],[-74.23805,5.90072],[-74.23922,5.89698],[-74.24351,5.89753],[-74.25187,5.89291],[-74.25576,5.88328],[-74.26508,5.87908],[-74.27498,5.86848],[-74.27429,5.86425],[-74.26984,5.86064],[-74.26904,5.847],[-74.26177,5.81715],[-74.26473,5.80796],[-74.27088,5.80336],[-74.27446,5.78788],[-74.28698,5.77454],[-74.29213,5.76303],[-74.30424,5.76871],[-74.30358,5.77213],[-74.30751,5.77211],[-74.30736,5.77769],[-74.31298,5.78225],[-74.3063,5.78814],[-74.30576,5.79358],[-74.30155,5.79095],[-74.30305,5.79471],[-74.30102,5.79766],[-74.30318,5.80003],[-74.30691,5.79832],[-74.31261,5.80056],[-74.31685,5.79701],[-74.31529,5.80175],[-74.31828,5.80495],[-74.3144,5.80898],[-74.31819,5.80853],[-74.31813,5.8123],[-74.31523,5.81517],[-74.32413,5.81857],[-74.32536,5.82483],[-74.3338,5.82689],[-74.3331,5.83704],[-74.33497,5.83724],[-74.34594,5.83157],[-74.34611,5.8229],[-74.35425,5.81352],[-74.35949,5.81181],[-74.3722,5.80073],[-74.38469,5.78439],[-74.38875,5.78149],[-74.39423,5.78426],[-74.40443,5.77907],[-74.4112,5.7735],[-74.41186,5.76527],[-74.41455,5.76561],[-74.4155,5.77033],[-74.41892,5.76948],[-74.41869,5.76423],[-74.42406,5.76846],[-74.4231,5.76386],[-74.42736,5.76295],[-74.43091,5.75801],[-74.43448,5.76169],[-74.44132,5.76002],[-74.44223,5.7668],[-74.45174,5.76514],[-74.45269,5.762],[-74.45566,5.76674],[-74.46124,5.76582],[-74.46208,5.77389],[-74.46645,5.77592],[-74.47466,5.77492],[-74.4746,5.77748],[-74.47734,5.77495],[-74.48121,5.77598],[-74.48599,5.77086],[-74.49355,5.78397],[-74.49607,5.78463],[-74.49614,5.78002],[-74.50088,5.77915],[-74.50553,5.78566],[-74.51174,5.78412],[-74.51302,5.78961],[-74.51639,5.79142],[-74.52399,5.7861],[-74.53067,5.79066],[-74.53498,5.78581],[-74.53859,5.78609],[-74.54252,5.77722],[-74.55146,5.77218],[-74.55108,5.765],[-74.554,5.76055],[-74.55773,5.76194],[-74.57775,5.75155],[-74.58487,5.759],[-74.58744,5.75904],[-74.59184,5.75407],[-74.59274,5.74718],[-74.59737,5.7434],[-74.60152,5.74768],[-74.61031,5.75081],[-74.61228,5.75832],[-74.6187,5.75256],[-74.62037,5.75947],[-74.62554,5.75638],[-74.62708,5.76246],[-74.63844,5.75492],[-74.63962,5.74133],[-74.64292,5.73541],[-74.65202,5.7405],[-74.6507,5.7474],[-74.65401,5.75373],[-74.66102,5.75238],[-74.66496,5.76854],[-74.66201,5.77646],[-74.65045,5.79302],[-74.64714,5.80848],[-74.65178,5.82822],[-74.63804,5.86637],[-74.62408,5.88235],[-74.6082,5.89117],[-74.59038,5.89469],[-74.58539,5.90306],[-74.58398,5.91337],[-74.58571,5.92502],[-74.58832,5.92853],[-74.59675,5.92964],[-74.60661,5.94248],[-74.60751,5.9551],[-74.61192,5.96234],[-74.61238,5.96988],[-74.60344,5.98109],[-74.59411,5.98597],[-74.57861,5.98271],[-74.56898,5.98695],[-74.56421,5.99375],[-74.56272,6.00189],[-74.57163,6.03452],[-74.57134,6.04289],[-74.56145,6.07352],[-74.56175,6.0783],[-74.57623,6.08261],[-74.58451,6.08821],[-74.60932,6.1197],[-74.61171,6.12664],[-74.61069,6.1332],[-74.6024,6.14509],[-74.59915,6.15659],[-74.58892,6.16618],[-74.57493,6.19211],[-74.57112,6.20698],[-74.57415,6.21173],[-74.57342,6.21566],[-74.54575,6.24643],[-74.5395,6.26425],[-74.52657,6.27364],[-74.52895,6.26327],[-74.52155,6.2552],[-74.5207,6.24575]]]}},{"type":"Feature","properties":{"codigo_municipio":"15580","municipio":"QUÍPAMA"},"geometry":{"type":"Polygon","coordinates":[[[-74.30095,5.63857],[-74.29697,5.63464],[-74.29062,5.63654],[-74.2883,5.6328],[-74.27442,5.63184],[-74.26903,5.62879],[-74.26787,5.63483],[-74.25648,5.63874],[-74.24679,5.62541],[-74.24327,5.62434],[-74.24003,5.62693],[-74.22347,5.61797],[-74.22544,5.61344],[-74.22079,5.60939],[-74.2066,5.60755],[-74.20173,5.59558],[-74.20378,5.59089],[-74.20255,5.58588],[-74.19712,5.57717],[-74.19343,5.57694],[-74.18223,5.58817],[-74.17978,5.59432],[-74.17586,5.59404],[-74.17141,5.59821],[-74.16292,5.59532],[-74.16163,5.59793],[-74.16061,5.58905],[-74.1649,5.57923],[-74.1626,5.57422],[-74.16369,5.56783],[-74.15736,5.55378],[-74.16136,5.54842],[-74.1581,5.54652],[-74.15558,5.54823],[-74.15139,5.54202],[-74.14478,5.53873],[-74.1422,5.53314],[-74.12917,5.52681],[-74.13546,5.50344],[-74.14358,5.49983],[-74.14917,5.48892],[-74.14771,5.48599],[-74.15689,5.47831],[-74.17112,5.47461],[-74.17575,5.47089],[-74.17432,5.46564],[-74.17632,5.4595],[-74.18292,5.46437],[-74.20192,5.49701],[-74.21542,5.49769],[-74.22406,5.51585],[-74.21704,5.52253],[-74.21192,5.52329],[-74.2041,5.52271],[-74.19725,5.5185],[-74.20171,5.52902],[-74.19867,5.5361],[-74.20651,5.54317],[-74.20171,5.54963],[-74.2005,5.54615],[-74.19762,5.54649],[-74.19844,5.55271],[-74.21288,5.55528],[-74.21935,5.54534],[-74.22759,5.5445],[-74.23863,5.53876],[-74.24156,5.53985],[-74.24291,5.54471],[-74.24969,5.54741],[-74.25106,5.55157],[-74.25963,5.55976],[-74.2705,5.5599],[-74.29145,5.56893],[-74.29997,5.57881],[-74.30479,5.59851],[-74.30714,5.60068],[-74.30566,5.60622],[-74.31011,5.6139],[-74.31016,5.61887],[-74.31496,5.62051],[-74.31334,5.62682],[-74.30899,5.62946],[-74.30687,5.63755],[-74.30095,5.63857]]]}},{"type":"Feature","properties":{"codigo_municipio":"15599","municipio":"RAMIRIQUÍ"},"geometry":{"type":"Polygon","coordinates":[[[-73.31967,5.44951],[-73.31519,5.44334],[-73.31588,5.43965],[-73.33007,5.41441],[-73.32307,5.41344],[-73.31897,5.40681],[-73.32258,5.39204],[-73.31692,5.38729],[-73.30793,5.37225],[-73.30196,5.36954],[-73.29839,5.36224],[-73.28867,5.35619],[-73.28561,5.3497],[-73.28669,5.34019],[-73.28391,5.33852],[-73.28175,5.33164],[-73.28235,5.32468],[-73.26316,5.32223],[-73.27591,5.30475],[-73.27273,5.29908],[-73.27879,5.29155],[-73.28549,5.28851],[-73.28759,5.27977],[-73.28504,5.26576],[-73.27903,5.26092],[-73.27773,5.25701],[-73.27975,5.24598],[-73.26872,5.23865],[-73.25826,5.23697],[-73.24723,5.23007],[-73.25486,5.22647],[-73.25734,5.2188],[-73.27572,5.21385],[-73.28346,5.20671],[-73.28913,5.20762],[-73.30337,5.21727],[-73.3096,5.22755],[-73.31987,5.23122],[-73.32044,5.23617],[-73.32475,5.23877],[-73.31999,5.24208],[-73.32027,5.24908],[-73.32957,5.26166],[-73.30899,5.27189],[-73.30816,5.2773],[-73.32402,5.2905],[-73.32335,5.29344],[-73.32628,5.29344],[-73.33193,5.30801],[-73.3293,5.31079],[-73.33641,5.31449],[-73.33481,5.31838],[-73.32447,5.32526],[-73.33302,5.33592],[-73.33795,5.33707],[-73.33479,5.34682],[-73.33105,5.34898],[-73.34999,5.35845],[-73.36338,5.36343],[-73.366,5.36247],[-73.36325,5.37102],[-73.36507,5.37469],[-73.36027,5.38989],[-73.34751,5.41442],[-73.35202,5.43212],[-73.34888,5.43066],[-73.34155,5.43594],[-73.33844,5.43513],[-73.33462,5.44136],[-73.33203,5.44035],[-73.31967,5.44951]]]}},{"type":"Feature","properties":{"codigo_municipio":"15600","municipio":"RÁQUIRA"},"geometry":{"type":"Polygon","coordinates":[[[-73.58096,5.58955],[-73.57556,5.58373],[-73.57713,5.57485],[-73.57281,5.5656],[-73.57677,5.56068],[-73.57168,5.55656],[-73.57184,5.55162],[-73.5635,5.54686],[-73.55571,5.53214],[-73.55565,5.52556],[-73.54994,5.52188],[-73.55131,5.5192],[-73.5547,5.52027],[-73.55854,5.51792],[-73.55847,5.50915],[-73.53613,5.50027],[-73.55166,5.4887],[-73.55854,5.47817],[-73.56565,5.47568],[-73.56802,5.4784],[-73.57563,5.46769],[-73.59406,5.4667],[-73.60069,5.46002],[-73.599,5.45758],[-73.59971,5.43857],[-73.5965,5.43601],[-73.60047,5.43079],[-73.59309,5.42232],[-73.597,5.41663],[-73.61191,5.4122],[-73.6185,5.40475],[-73.62715,5.41279],[-73.63811,5.41747],[-73.65054,5.41512],[-73.65375,5.41774],[-73.65534,5.42622],[-73.665,5.43021],[-73.66849,5.42868],[-73.67179,5.43334],[-73.67941,5.43529],[-73.67503,5.44181],[-73.67916,5.45187],[-73.67672,5.45946],[-73.68963,5.44772],[-73.69468,5.44632],[-73.70679,5.45594],[-73.71953,5.45881],[-73.71722,5.46974],[-73.7177,5.47567],[-73.72025,5.47807],[-73.72836,5.47916],[-73.73494,5.47245],[-73.74329,5.46868],[-73.74348,5.47095],[-73.73824,5.47305],[-73.73785,5.47596],[-73.73168,5.47844],[-73.7322,5.48272],[-73.72841,5.48155],[-73.72864,5.47977],[-73.72576,5.48619],[-73.70976,5.49128],[-73.69647,5.50339],[-73.68622,5.51693],[-73.68707,5.52131],[-73.69275,5.52522],[-73.67865,5.54167],[-73.67834,5.5456],[-73.67195,5.54031],[-73.66458,5.53844],[-73.65492,5.55016],[-73.6453,5.55184],[-73.63674,5.56313],[-73.63192,5.56421],[-73.62796,5.56935],[-73.60799,5.57515],[-73.59635,5.58665],[-73.58096,5.58955]]]}},{"type":"Feature","properties":{"codigo_municipio":"15621","municipio":"RONDÓN"},"geometry":{"type":"Polygon","coordinates":[[[-73.14707,5.48084],[-73.13388,5.46857],[-73.12958,5.45906],[-73.12395,5.45572],[-73.13249,5.43083],[-73.13783,5.42427],[-73.14173,5.41296],[-73.13064,5.40098],[-73.12682,5.38984],[-73.12127,5.38506],[-73.13212,5.36816],[-73.12633,5.35734],[-73.13814,5.34818],[-73.14169,5.34242],[-73.14544,5.34911],[-73.15786,5.35078],[-73.17017,5.33998],[-73.17676,5.33915],[-73.17772,5.33479],[-73.18826,5.32536],[-73.18518,5.32076],[-73.19109,5.31714],[-73.20144,5.31608],[-73.21994,5.30071],[-73.23363,5.28512],[-73.24319,5.28799],[-73.26562,5.28728],[-73.2596,5.29153],[-73.26967,5.30039],[-73.27436,5.3002],[-73.27605,5.30411],[-73.26316,5.32223],[-73.28235,5.32468],[-73.28175,5.33164],[-73.28391,5.33852],[-73.28669,5.34019],[-73.28673,5.34854],[-73.25666,5.36893],[-73.25265,5.36821],[-73.243,5.37667],[-73.24174,5.38157],[-73.23706,5.38607],[-73.23793,5.38983],[-73.23403,5.38994],[-73.23157,5.39378],[-73.23411,5.39781],[-73.22654,5.40022],[-73.22066,5.40929],[-73.22101,5.41458],[-73.21787,5.41609],[-73.21204,5.42617],[-73.21609,5.44373],[-73.20828,5.45333],[-73.20415,5.45685],[-73.19444,5.45855],[-73.18627,5.46555],[-73.17419,5.46775],[-73.16385,5.47939],[-73.14707,5.48084]]]}},{"type":"Feature","properties":{"codigo_municipio":"15632","municipio":"SABOYÁ"},"geometry":{"type":"Polygon","coordinates":[[[-73.71438,5.7817],[-73.70121,5.76915],[-73.69336,5.75723],[-73.6843,5.75097],[-73.68052,5.75158],[-73.67233,5.74769],[-73.66409,5.72856],[-73.65131,5.71394],[-73.65652,5.69201],[-73.66921,5.67682],[-73.67031,5.66643],[-73.6773,5.65039],[-73.67834,5.64159],[-73.68827,5.62755],[-73.69568,5.62886],[-73.6993,5.63618],[-73.70199,5.63655],[-73.70636,5.63197],[-73.72517,5.63347],[-73.73683,5.64245],[-73.74882,5.64265],[-73.75208,5.64649],[-73.7656,5.63802],[-73.77483,5.63681],[-73.77499,5.63444],[-73.77925,5.637],[-73.77986,5.63371],[-73.79378,5.64176],[-73.80591,5.64111],[-73.81616,5.64766],[-73.81895,5.65319],[-73.83488,5.66691],[-73.83584,5.67952],[-73.83179,5.69356],[-73.83395,5.69711],[-73.8299,5.70263],[-73.83335,5.70456],[-73.83924,5.70288],[-73.84042,5.7055],[-73.84876,5.70901],[-73.85774,5.70742],[-73.86387,5.69434],[-73.88626,5.69002],[-73.88022,5.70756],[-73.86114,5.71151],[-73.85691,5.7173],[-73.85645,5.72625],[-73.83972,5.73837],[-73.82441,5.74056],[-73.81921,5.73748],[-73.82039,5.71657],[-73.81253,5.71497],[-73.80384,5.72451],[-73.79431,5.72942],[-73.7896,5.74066],[-73.78125,5.74783],[-73.76361,5.77292],[-73.75286,5.7709],[-73.74982,5.76827],[-73.74045,5.77257],[-73.72672,5.77044],[-73.72034,5.77208],[-73.71636,5.78138],[-73.71438,5.7817]]]}},{"type":"Feature","properties":{"codigo_municipio":"15638","municipio":"SÁCHICA"},"geometry":{"type":"Polygon","coordinates":[[[-73.56396,5.63211],[-73.5617,5.63215],[-73.56542,5.626],[-73.56351,5.61715],[-73.55744,5.60973],[-73.55014,5.6072],[-73.55268,5.60441],[-73.54888,5.60323],[-73.54977,5.60094],[-73.54737,5.5985],[-73.5409,5.59804],[-73.53243,5.6052],[-73.52503,5.60682],[-73.5113,5.59982],[-73.51006,5.59326],[-73.51323,5.58997],[-73.51191,5.58306],[-73.5028,5.57731],[-73.50145,5.56764],[-73.49842,5.5642],[-73.50113,5.55527],[-73.51728,5.53353],[-73.53534,5.53075],[-73.54401,5.52743],[-73.54994,5.52188],[-73.55565,5.52556],[-73.55571,5.53214],[-73.5635,5.54686],[-73.57184,5.55162],[-73.57168,5.55656],[-73.57677,5.56068],[-73.57274,5.56483],[-73.57713,5.57485],[-73.57556,5.58373],[-73.58032,5.58986],[-73.57679,5.60248],[-73.57903,5.60533],[-73.57802,5.6118],[-73.58198,5.62795],[-73.57765,5.6311],[-73.56396,5.63211]]]}},{"type":"Feature","properties":{"codigo_municipio":"15646","municipio":"SAMACÁ"},"geometry":{"type":"Polygon","coordinates":[[[-73.49335,5.55313],[-73.49045,5.55164],[-73.4898,5.54756],[-73.49136,5.53519],[-73.4653,5.51593],[-73.45763,5.51629],[-73.45303,5.50233],[-73.45645,5.49769],[-73.43232,5.48587],[-73.44761,5.4687],[-73.45841,5.4468],[-73.47025,5.43664],[-73.47721,5.42698],[-73.48229,5.42857],[-73.49253,5.43881],[-73.4936,5.43674],[-73.49373,5.43907],[-73.49672,5.43866],[-73.50513,5.43079],[-73.51395,5.4292],[-73.52253,5.4219],[-73.53052,5.42455],[-73.53765,5.41929],[-73.54146,5.42069],[-73.55355,5.40714],[-73.55777,5.40535],[-73.57571,5.40691],[-73.59066,5.39828],[-73.60483,5.4038],[-73.6185,5.40475],[-73.61527,5.41015],[-73.60107,5.41693],[-73.59719,5.41653],[-73.59309,5.42161],[-73.60047,5.43079],[-73.5965,5.43601],[-73.59971,5.43857],[-73.599,5.45758],[-73.60069,5.46002],[-73.59406,5.4667],[-73.57536,5.46785],[-73.56802,5.4784],[-73.56565,5.47568],[-73.55854,5.47817],[-73.55134,5.48899],[-73.53705,5.49798],[-73.53613,5.50027],[-73.55847,5.50915],[-73.55842,5.5181],[-73.5547,5.52027],[-73.55131,5.5192],[-73.54289,5.52797],[-73.5279,5.53281],[-73.51728,5.53353],[-73.4989,5.5595],[-73.49335,5.55313]]]}},{"type":"Feature","properties":{"codigo_municipio":"15660","municipio":"SAN EDUARDO"},"geometry":{"type":"Polygon","coordinates":[[[-73.03849,5.30757],[-73.02805,5.29992],[-73.02841,5.28758],[-73.01438,5.26575],[-73.00919,5.26082],[-72.99664,5.25744],[-72.99522,5.24525],[-73.01006,5.21452],[-73.02827,5.18766],[-73.03327,5.17524],[-73.05779,5.1614],[-73.0725,5.16894],[-73.06647,5.18582],[-73.07127,5.18985],[-73.07267,5.19639],[-73.07521,5.19776],[-73.0778,5.19589],[-73.08038,5.20148],[-73.08923,5.20235],[-73.10165,5.20977],[-73.10594,5.22224],[-73.10102,5.23316],[-73.10143,5.24064],[-73.08641,5.25064],[-73.0833,5.25518],[-73.07347,5.25974],[-73.07101,5.26357],[-73.06633,5.27402],[-73.06388,5.30057],[-73.06031,5.30274],[-73.05882,5.30754],[-73.04838,5.30804],[-73.04161,5.31244],[-73.03849,5.30757]]]}},{"type":"Feature","properties":{"codigo_municipio":"15664","municipio":"SAN JOSÉ DE PARE"},"geometry":{"type":"Polygon","coordinates":[[[-73.53223,6.04915],[-73.52958,6.04193],[-73.52115,6.03394],[-73.52018,6.02867],[-73.50805,6.02602],[-73.49493,6.0093],[-73.4949,6.00516],[-73.49057,6.00176],[-73.48598,6.00165],[-73.48825,5.99703],[-73.50463,5.97755],[-73.51347,5.97154],[-73.52314,5.97058],[-73.53281,5.96074],[-73.54476,5.95572],[-73.54987,5.95069],[-73.55999,5.95228],[-73.5695,5.95722],[-73.57928,5.95731],[-73.5888,5.9525],[-73.58963,5.96048],[-73.59237,5.95904],[-73.59345,5.96087],[-73.59051,5.96872],[-73.59152,5.98679],[-73.58858,5.98935],[-73.58599,6.00633],[-73.58199,6.01198],[-73.56552,6.01831],[-73.5595,6.02569],[-73.55927,6.02943],[-73.54851,6.03157],[-73.54151,6.03587],[-73.53439,6.05022],[-73.53223,6.04915]]]}},{"type":"Feature","properties":{"codigo_municipio":"15667","municipio":"SAN LUIS DE GACENO"},"geometry":{"type":"Polygon","coordinates":[[[-73.04646,4.98963],[-73.0367,4.98781],[-73.02887,4.99211],[-73.02747,4.9898],[-73.03107,4.98543],[-73.02937,4.96989],[-73.03554,4.96312],[-73.04099,4.94437],[-73.03907,4.93867],[-73.04271,4.93716],[-73.04913,4.92226],[-73.04809,4.904],[-73.04204,4.89031],[-73.04148,4.87833],[-73.04561,4.87265],[-73.05207,4.86989],[-73.05183,4.86103],[-73.06156,4.85512],[-73.06077,4.84941],[-73.06638,4.84289],[-73.06898,4.82737],[-73.0749,4.8195],[-73.07777,4.80973],[-73.07005,4.80219],[-73.07182,4.79529],[-73.06434,4.79113],[-73.06011,4.77879],[-73.05445,4.77372],[-73.05369,4.76863],[-73.04572,4.75798],[-73.04685,4.74427],[-73.05256,4.73632],[-73.05584,4.73682],[-73.06211,4.73185],[-73.06636,4.73314],[-73.06708,4.74048],[-73.07185,4.73919],[-73.07874,4.72581],[-73.07209,4.71867],[-73.08045,4.70892],[-73.08012,4.70247],[-73.09075,4.69146],[-73.09141,4.67622],[-73.09966,4.67031],[-73.10421,4.66049],[-73.11274,4.66123],[-73.12169,4.67156],[-73.12638,4.66599],[-73.13327,4.66499],[-73.14903,4.65524],[-73.16041,4.6628],[-73.19434,4.67249],[-73.20789,4.68059],[-73.20886,4.68552],[-73.19896,4.70397],[-73.18609,4.71497],[-73.18414,4.71915],[-73.17639,4.72349],[-73.17034,4.73177],[-73.17018,4.7353],[-73.1762,4.73578],[-73.18225,4.74132],[-73.17902,4.74741],[-73.18027,4.75335],[-73.18579,4.75486],[-73.19306,4.76922],[-73.20091,4.77762],[-73.20764,4.77975],[-73.21296,4.77721],[-73.21624,4.77922],[-73.23055,4.7779],[-73.24037,4.78304],[-73.23805,4.79051],[-73.23565,4.79025],[-73.23102,4.79587],[-73.22669,4.79494],[-73.22223,4.79893],[-73.21673,4.79834],[-73.21409,4.80145],[-73.2113,4.801],[-73.20554,4.81419],[-73.20323,4.81266],[-73.19919,4.81497],[-73.20502,4.8177],[-73.20525,4.82707],[-73.20939,4.83382],[-73.21431,4.83469],[-73.21787,4.84337],[-73.22333,4.84469],[-73.22839,4.85066],[-73.22024,4.85597],[-73.21097,4.85816],[-73.20667,4.86217],[-73.19997,4.86245],[-73.18972,4.87072],[-73.18482,4.87172],[-73.17459,4.89609],[-73.17055,4.89616],[-73.15929,4.90993],[-73.14245,4.91583],[-73.1412,4.92254],[-73.13588,4.93036],[-73.12185,4.93986],[-73.1123,4.95488],[-73.10463,4.95668],[-73.08082,4.97153],[-73.07657,4.97894],[-73.07085,4.98007],[-73.0639,4.98536],[-73.05656,4.99753],[-73.04646,4.98963]]]}},{"type":"Feature","properties":{"codigo_municipio":"15673","municipio":"SAN MATEO"},"geometry":{"type":"Polygon","coordinates":[[[-72.54832,6.48637],[-72.54745,6.47936],[-72.55342,6.46995],[-72.55646,6.44494],[-72.55128,6.43851],[-72.54787,6.42563],[-72.53103,6.41993],[-72.52419,6.41103],[-72.51705,6.41017],[-72.50374,6.39805],[-72.50047,6.39848],[-72.50097,6.40279],[-72.4967,6.40267],[-72.48698,6.39347],[-72.48131,6.37687],[-72.47795,6.37405],[-72.50184,6.36733],[-72.50867,6.36987],[-72.51029,6.3574],[-72.51775,6.34925],[-72.53072,6.3497],[-72.5402,6.35314],[-72.55887,6.3507],[-72.56489,6.34367],[-72.56664,6.34935],[-72.57576,6.35062],[-72.57672,6.35384],[-72.58796,6.36072],[-72.59171,6.37292],[-72.59706,6.37926],[-72.59719,6.39244],[-72.59487,6.39479],[-72.59956,6.40098],[-72.60262,6.41079],[-72.60911,6.40866],[-72.615,6.41278],[-72.62145,6.41247],[-72.62575,6.42313],[-72.62451,6.43701],[-72.62343,6.4407],[-72.61743,6.4447],[-72.60528,6.44908],[-72.60152,6.45467],[-72.60152,6.45896],[-72.59217,6.46365],[-72.5881,6.47207],[-72.58295,6.47641],[-72.57212,6.47883],[-72.5681,6.48365],[-72.56068,6.48663],[-72.54832,6.48637]]]}},{"type":"Feature","properties":{"codigo_municipio":"15676","municipio":"SAN MIGUEL DE SEMA"},"geometry":{"type":"Polygon","coordinates":[[[-73.76021,5.58411],[-73.75053,5.57555],[-73.74794,5.57829],[-73.72477,5.58051],[-73.7233,5.57111],[-73.72312,5.5766],[-73.71637,5.58127],[-73.71606,5.59021],[-73.71288,5.58519],[-73.71313,5.57784],[-73.7219,5.55297],[-73.71995,5.53713],[-73.71655,5.53485],[-73.70599,5.53464],[-73.70744,5.53082],[-73.70429,5.52728],[-73.69128,5.5246],[-73.68707,5.52131],[-73.68616,5.51732],[-73.69647,5.50339],[-73.70961,5.49139],[-73.72576,5.48619],[-73.72864,5.47977],[-73.72841,5.48155],[-73.7322,5.48272],[-73.73168,5.47844],[-73.74348,5.47095],[-73.74708,5.48963],[-73.75908,5.48478],[-73.76575,5.48553],[-73.78219,5.49914],[-73.7916,5.53146],[-73.78698,5.57444],[-73.78592,5.57822],[-73.78249,5.57891],[-73.78428,5.58169],[-73.78183,5.58443],[-73.78379,5.58608],[-73.77845,5.59088],[-73.77969,5.59512],[-73.76868,5.59264],[-73.76021,5.58411]]]}},{"type":"Feature","properties":{"codigo_municipio":"15681","municipio":"SAN PABLO DE BORBUR"},"geometry":{"type":"Polygon","coordinates":[[[-74.09302,5.75852],[-74.09294,5.75437],[-74.08844,5.74941],[-74.08497,5.73981],[-74.05926,5.72396],[-74.0517,5.7227],[-74.04809,5.71715],[-74.04193,5.71422],[-74.03848,5.70582],[-74.04085,5.6991],[-74.03987,5.69032],[-74.04458,5.68948],[-74.05075,5.68324],[-74.04651,5.67962],[-74.04699,5.67367],[-74.05994,5.65622],[-74.06011,5.65048],[-74.06586,5.64094],[-74.06502,5.63445],[-74.07233,5.62416],[-74.0841,5.6136],[-74.09022,5.60012],[-74.1,5.60571],[-74.10737,5.60685],[-74.10927,5.60427],[-74.11274,5.60507],[-74.11841,5.60944],[-74.12501,5.60567],[-74.12516,5.60269],[-74.13068,5.60026],[-74.13332,5.59588],[-74.14467,5.59551],[-74.1492,5.59788],[-74.15764,5.59535],[-74.1654,5.61793],[-74.16437,5.63689],[-74.1691,5.63642],[-74.16948,5.64163],[-74.17907,5.63885],[-74.1845,5.63998],[-74.17907,5.64317],[-74.17272,5.65474],[-74.1755,5.66431],[-74.17303,5.66881],[-74.17423,5.68025],[-74.17051,5.6882],[-74.17393,5.69407],[-74.17362,5.7081],[-74.16889,5.71627],[-74.17225,5.71796],[-74.16741,5.72019],[-74.16667,5.72513],[-74.16497,5.72361],[-74.16148,5.72639],[-74.16241,5.73084],[-74.15603,5.7384],[-74.15792,5.74042],[-74.15582,5.74338],[-74.15378,5.74204],[-74.1496,5.74453],[-74.14812,5.74844],[-74.14243,5.74872],[-74.13913,5.75226],[-74.13625,5.74994],[-74.12342,5.74867],[-74.11659,5.7552],[-74.11376,5.75143],[-74.11102,5.75446],[-74.10894,5.75255],[-74.10868,5.75522],[-74.10495,5.75693],[-74.10152,5.75587],[-74.09905,5.75888],[-74.09302,5.75852]]]}},{"type":"Feature","properties":{"codigo_municipio":"15686","municipio":"SANTANA"},"geometry":{"type":"Polygon","coordinates":[[[-73.49566,6.10611],[-73.47644,6.09435],[-73.47151,6.0951],[-73.45964,6.08621],[-73.449,6.07275],[-73.44723,6.06485],[-73.45108,6.04588],[-73.46365,6.03331],[-73.48621,6.00158],[-73.4949,6.00516],[-73.49493,6.0093],[-73.50805,6.02602],[-73.52018,6.02867],[-73.52115,6.03394],[-73.52958,6.04193],[-73.53195,6.0481],[-73.52956,6.05597],[-73.52437,6.0594],[-73.52787,6.06783],[-73.52665,6.07687],[-73.5226,6.07735],[-73.51783,6.08528],[-73.51389,6.08726],[-73.51302,6.09492],[-73.5152,6.09908],[-73.50694,6.1023],[-73.50449,6.10567],[-73.49742,6.10803],[-73.49566,6.10611]]]}},{"type":"Feature","properties":{"codigo_municipio":"15690","municipio":"SANTA MARÍA"},"geometry":{"type":"Polygon","coordinates":[[[-73.21824,4.96246],[-73.21725,4.95232],[-73.21075,4.94756],[-73.21329,4.93856],[-73.21061,4.93132],[-73.21656,4.92698],[-73.2199,4.91887],[-73.21868,4.91487],[-73.21521,4.91503],[-73.21521,4.90987],[-73.21284,4.91045],[-73.21309,4.90565],[-73.19739,4.91301],[-73.18629,4.90259],[-73.17459,4.89609],[-73.17484,4.89344],[-73.18482,4.87172],[-73.18972,4.87072],[-73.19997,4.86245],[-73.20667,4.86217],[-73.21097,4.85816],[-73.22024,4.85597],[-73.22839,4.85066],[-73.22333,4.84469],[-73.21787,4.84337],[-73.21431,4.83469],[-73.20939,4.83382],[-73.20525,4.82707],[-73.20502,4.8177],[-73.19919,4.81497],[-73.20323,4.81266],[-73.20554,4.81419],[-73.2113,4.801],[-73.21409,4.80145],[-73.21673,4.79834],[-73.22223,4.79893],[-73.22669,4.79494],[-73.23102,4.79587],[-73.23565,4.79025],[-73.23805,4.79051],[-73.24037,4.78304],[-73.23055,4.7779],[-73.21624,4.77922],[-73.21296,4.77721],[-73.20764,4.77975],[-73.20091,4.77762],[-73.19306,4.76922],[-73.18579,4.75486],[-73.18027,4.75335],[-73.17902,4.74741],[-73.18225,4.74132],[-73.1762,4.73578],[-73.17018,4.7353],[-73.17034,4.73177],[-73.17639,4.72349],[-73.18414,4.71915],[-73.20076,4.7016],[-73.20886,4.68552],[-73.20789,4.68059],[-73.21787,4.67636],[-73.22295,4.67784],[-73.23466,4.69515],[-73.22823,4.71497],[-73.21973,4.72491],[-73.22304,4.73329],[-73.23635,4.73674],[-73.24571,4.73268],[-73.25142,4.73628],[-73.25472,4.73385],[-73.25533,4.73898],[-73.2626,4.73673],[-73.26851,4.74073],[-73.2832,4.72228],[-73.30302,4.72892],[-73.30981,4.73637],[-73.30572,4.74657],[-73.30964,4.75044],[-73.31298,4.76964],[-73.32062,4.7755],[-73.32085,4.77929],[-73.32435,4.77961],[-73.32528,4.78251],[-73.3298,4.78313],[-73.33382,4.7885],[-73.34097,4.79132],[-73.3401,4.79674],[-73.32982,4.80771],[-73.33968,4.82226],[-73.33692,4.83123],[-73.32821,4.84723],[-73.31936,4.85423],[-73.31046,4.86761],[-73.29807,4.88022],[-73.3006,4.89997],[-73.29157,4.91415],[-73.28574,4.91917],[-73.28083,4.92838],[-73.27407,4.93125],[-73.26331,4.93054],[-73.25084,4.94013],[-73.2457,4.948],[-73.2311,4.95976],[-73.22296,4.97304],[-73.21824,4.96246]]]}},{"type":"Feature","properties":{"codigo_municipio":"15693","municipio":"SANTA ROSA DE VITERBO"},"geometry":{"type":"Polygon","coordinates":[[[-73.02798,6.00203],[-73.02812,5.99665],[-73.02174,5.99196],[-73.01799,5.97041],[-73.00551,5.95908],[-73.00138,5.95159],[-73.00034,5.94843],[-73.00462,5.94497],[-73.00124,5.93839],[-72.98205,5.92827],[-72.97121,5.9263],[-72.96331,5.92994],[-72.95981,5.92744],[-72.95729,5.92875],[-72.95156,5.92678],[-72.95006,5.92899],[-72.9465,5.92681],[-72.93861,5.92899],[-72.93489,5.9231],[-72.9277,5.92442],[-72.93077,5.92162],[-72.93122,5.91139],[-72.94018,5.9118],[-72.94835,5.90447],[-72.95122,5.89619],[-72.94993,5.89197],[-72.95221,5.8885],[-72.95601,5.88774],[-72.9603,5.8773],[-72.97576,5.85849],[-72.97125,5.84874],[-72.94848,5.8278],[-72.94571,5.8126],[-72.94268,5.80762],[-72.95321,5.80812],[-72.96719,5.80188],[-72.97452,5.80331],[-72.9824,5.80056],[-72.97889,5.78836],[-72.98578,5.78619],[-72.99137,5.79709],[-72.99029,5.80003],[-72.99688,5.8209],[-72.99703,5.82875],[-73.00006,5.83173],[-73.00965,5.82424],[-73.01304,5.82943],[-73.01437,5.84822],[-73.01157,5.8531],[-73.01261,5.86161],[-73.00889,5.86388],[-73.00807,5.86745],[-73.01303,5.88468],[-73.01693,5.88812],[-73.01641,5.89442],[-73.02667,5.91272],[-73.0215,5.92805],[-73.03481,5.94264],[-73.0355,5.95988],[-73.04871,5.97352],[-73.04838,5.9788],[-73.04088,5.99111],[-73.04124,6.00335],[-73.03468,6.00876],[-73.03246,6.02023],[-73.03123,6.02117],[-73.02764,6.01465],[-73.02798,6.00203]]]}},{"type":"Feature","properties":{"codigo_municipio":"15696","municipio":"SANTA SOFÍA"},"geometry":{"type":"Polygon","coordinates":[[[-73.59273,5.79517],[-73.58485,5.7922],[-73.58174,5.78835],[-73.58283,5.78565],[-73.57787,5.78535],[-73.56725,5.7753],[-73.57591,5.77355],[-73.57823,5.7772],[-73.57897,5.77184],[-73.58204,5.77174],[-73.57962,5.75391],[-73.58118,5.74855],[-73.57195,5.74085],[-73.57548,5.73469],[-73.57201,5.73063],[-73.57373,5.72576],[-73.56811,5.72447],[-73.56634,5.71816],[-73.56772,5.71124],[-73.56473,5.71038],[-73.56617,5.70669],[-73.56968,5.70623],[-73.5682,5.70395],[-73.57369,5.69203],[-73.57634,5.69217],[-73.57776,5.67517],[-73.61495,5.68505],[-73.62117,5.6886],[-73.62241,5.6944],[-73.63245,5.69338],[-73.63634,5.69842],[-73.64372,5.6983],[-73.65322,5.70252],[-73.65176,5.71239],[-73.64401,5.71521],[-73.63878,5.7241],[-73.63635,5.73744],[-73.63,5.74437],[-73.63038,5.75564],[-73.62607,5.76841],[-73.62623,5.77857],[-73.61582,5.78197],[-73.59273,5.79517]]]}},{"type":"Feature","properties":{"codigo_municipio":"15720","municipio":"SATIVANORTE"},"geometry":{"type":"Polygon","coordinates":[[[-72.6717,6.18329],[-72.65988,6.17942],[-72.64687,6.18149],[-72.63509,6.1799],[-72.63813,6.17674],[-72.63861,6.17065],[-72.644,6.16698],[-72.6422,6.16297],[-72.64865,6.14996],[-72.64851,6.14325],[-72.65345,6.13071],[-72.65622,6.11629],[-72.65381,6.08391],[-72.66058,6.08279],[-72.67167,6.07594],[-72.67336,6.06882],[-72.67881,6.06891],[-72.68011,6.07289],[-72.68484,6.07191],[-72.68919,6.076],[-72.70147,6.07583],[-72.69858,6.07727],[-72.69751,6.087],[-72.70148,6.08824],[-72.70248,6.09732],[-72.70618,6.09713],[-72.70802,6.10064],[-72.71248,6.10196],[-72.72268,6.09806],[-72.74683,6.09775],[-72.75166,6.10412],[-72.75503,6.10273],[-72.76317,6.10734],[-72.77003,6.10279],[-72.78052,6.10515],[-72.78232,6.10324],[-72.7937,6.10288],[-72.79993,6.09172],[-72.80405,6.0908],[-72.81041,6.0952],[-72.80935,6.10713],[-72.81284,6.10858],[-72.817,6.10625],[-72.82171,6.10842],[-72.82709,6.11447],[-72.82514,6.11808],[-72.82324,6.11763],[-72.83531,6.12512],[-72.83754,6.13062],[-72.83552,6.13633],[-72.82934,6.14126],[-72.82853,6.15288],[-72.82541,6.15805],[-72.82071,6.15702],[-72.81311,6.16103],[-72.80935,6.15981],[-72.80732,6.16831],[-72.79406,6.17735],[-72.78249,6.18026],[-72.77933,6.17686],[-72.7696,6.17744],[-72.7629,6.17529],[-72.76125,6.17257],[-72.76854,6.16519],[-72.76806,6.14993],[-72.76018,6.15444],[-72.74882,6.15154],[-72.73847,6.1579],[-72.72431,6.15886],[-72.71666,6.15652],[-72.70866,6.1623],[-72.69377,6.1676],[-72.68768,6.17911],[-72.68167,6.18067],[-72.68069,6.183],[-72.6717,6.18329]]]}},{"type":"Feature","properties":{"codigo_municipio":"15723","municipio":"SATIVASUR"},"geometry":{"type":"Polygon","coordinates":[[[-72.7597,6.10542],[-72.75503,6.10273],[-72.75144,6.10399],[-72.74683,6.09775],[-72.72268,6.09806],[-72.71262,6.10196],[-72.7081,6.10068],[-72.70618,6.09713],[-72.70233,6.09714],[-72.70148,6.08824],[-72.69731,6.0865],[-72.69858,6.07727],[-72.70147,6.07583],[-72.68895,6.07593],[-72.68484,6.07191],[-72.68011,6.07289],[-72.67881,6.06891],[-72.67336,6.06882],[-72.67167,6.07594],[-72.66192,6.08204],[-72.6544,6.08261],[-72.65334,6.07601],[-72.65705,6.06195],[-72.66022,6.05622],[-72.66717,6.05526],[-72.67189,6.05082],[-72.67824,6.04896],[-72.68147,6.0392],[-72.68769,6.03704],[-72.68897,6.03245],[-72.70336,6.01788],[-72.71479,6.02726],[-72.71965,6.02774],[-72.71797,6.03339],[-72.72002,6.03788],[-72.71547,6.04709],[-72.71681,6.05295],[-72.71498,6.05795],[-72.71906,6.06563],[-72.724,6.06875],[-72.73897,6.07116],[-72.74415,6.0766],[-72.757,6.08176],[-72.77064,6.08178],[-72.77693,6.08448],[-72.78333,6.09253],[-72.79492,6.09995],[-72.7937,6.10288],[-72.78232,6.10324],[-72.78067,6.10515],[-72.77025,6.10276],[-72.76338,6.10731],[-72.7597,6.10542]]]}},{"type":"Feature","properties":{"codigo_municipio":"15740","municipio":"SIACHOQUE"},"geometry":{"type":"Polygon","coordinates":[[[-73.22723,5.55384],[-73.22184,5.55227],[-73.21587,5.5454],[-73.21004,5.5495],[-73.20464,5.54228],[-73.19757,5.54282],[-73.19496,5.53703],[-73.17721,5.52589],[-73.14984,5.51474],[-73.135,5.50562],[-73.14031,5.50026],[-73.14079,5.48449],[-73.14492,5.47976],[-73.14729,5.48205],[-73.15366,5.47932],[-73.16385,5.47939],[-73.17419,5.46775],[-73.18627,5.46555],[-73.19444,5.45855],[-73.20415,5.45685],[-73.21568,5.44482],[-73.21567,5.44021],[-73.21998,5.44629],[-73.23289,5.45585],[-73.24477,5.45741],[-73.247,5.45527],[-73.24825,5.45816],[-73.26166,5.46131],[-73.26206,5.46683],[-73.26662,5.47109],[-73.26688,5.47456],[-73.27589,5.47446],[-73.27588,5.48377],[-73.28314,5.48776],[-73.28592,5.48539],[-73.28751,5.4887],[-73.28769,5.49686],[-73.27846,5.50627],[-73.2804,5.5142],[-73.28468,5.51759],[-73.28476,5.52417],[-73.27723,5.52391],[-73.27195,5.53195],[-73.26529,5.53133],[-73.25959,5.5389],[-73.2556,5.54012],[-73.24499,5.53227],[-73.2378,5.53389],[-73.2376,5.53714],[-73.23144,5.54185],[-73.23131,5.54781],[-73.22723,5.55384]]]}},{"type":"Feature","properties":{"codigo_municipio":"15753","municipio":"SOATÁ"},"geometry":{"type":"Polygon","coordinates":[[[-72.68321,6.38535],[-72.67474,6.37771],[-72.67086,6.37932],[-72.6678,6.37741],[-72.65503,6.3779],[-72.65719,6.35898],[-72.65209,6.34206],[-72.65178,6.32888],[-72.64851,6.32587],[-72.64915,6.32014],[-72.64467,6.31389],[-72.64397,6.30469],[-72.64688,6.29198],[-72.64278,6.28739],[-72.64123,6.27909],[-72.64827,6.27533],[-72.65062,6.2681],[-72.65951,6.26159],[-72.66201,6.27399],[-72.6753,6.25882],[-72.68678,6.25756],[-72.69128,6.26083],[-72.69356,6.27394],[-72.69831,6.27826],[-72.70337,6.27877],[-72.70587,6.28497],[-72.71969,6.29011],[-72.72288,6.29757],[-72.73315,6.29561],[-72.74007,6.28817],[-72.74202,6.27963],[-72.74586,6.27488],[-72.75399,6.27887],[-72.75792,6.31509],[-72.74964,6.32438],[-72.75075,6.3354],[-72.74838,6.34763],[-72.73144,6.35693],[-72.73106,6.36708],[-72.72577,6.37163],[-72.71914,6.3734],[-72.71422,6.38365],[-72.70836,6.38013],[-72.7011,6.38484],[-72.68729,6.38353],[-72.68321,6.38535]]]}},{"type":"Feature","properties":{"codigo_municipio":"15755","municipio":"SOCOTÁ"},"geometry":{"type":"Polygon","coordinates":[[[-72.57125,6.11861],[-72.56574,6.11889],[-72.56336,6.11617],[-72.56369,6.10413],[-72.56015,6.09608],[-72.56055,6.0882],[-72.55659,6.08286],[-72.55217,6.08476],[-72.54758,6.08027],[-72.5392,6.05957],[-72.53057,6.05199],[-72.53912,6.03246],[-72.52747,6.00946],[-72.51056,6.0053],[-72.50661,5.99918],[-72.50702,5.99599],[-72.49831,5.99597],[-72.48422,5.9751],[-72.47273,5.96527],[-72.45009,5.95777],[-72.44766,5.94465],[-72.4408,5.93859],[-72.43598,5.93801],[-72.42663,5.92757],[-72.41555,5.90401],[-72.4188,5.89953],[-72.43368,5.89066],[-72.43535,5.88715],[-72.45089,5.87837],[-72.45265,5.87099],[-72.46127,5.85964],[-72.46183,5.84705],[-72.47743,5.83992],[-72.47913,5.83387],[-72.4843,5.8294],[-72.48749,5.8169],[-72.50452,5.8035],[-72.50576,5.79763],[-72.51391,5.79328],[-72.51222,5.79153],[-72.54069,5.78481],[-72.54401,5.78802],[-72.54931,5.78818],[-72.56567,5.77584],[-72.57511,5.77572],[-72.58359,5.77113],[-72.60447,5.77582],[-72.61106,5.77162],[-72.62137,5.77368],[-72.62453,5.7671],[-72.62948,5.76451],[-72.62388,5.78426],[-72.62588,5.79476],[-72.62355,5.81594],[-72.63182,5.82882],[-72.62706,5.84915],[-72.63006,5.85963],[-72.62258,5.88722],[-72.62391,5.88921],[-72.61624,5.90405],[-72.62219,5.91443],[-72.62724,5.90998],[-72.64546,5.90629],[-72.65067,5.90683],[-72.65243,5.9131],[-72.65138,5.91816],[-72.6433,5.92966],[-72.63963,5.96383],[-72.6326,5.97388],[-72.63465,5.98295],[-72.64484,5.99102],[-72.64673,5.99021],[-72.64766,5.99493],[-72.65407,5.99196],[-72.65705,5.9981],[-72.65734,6.00377],[-72.65245,6.01793],[-72.64706,6.02334],[-72.64434,6.02989],[-72.64562,6.03259],[-72.64116,6.03537],[-72.64814,6.05663],[-72.65701,6.06311],[-72.6533,6.07633],[-72.65622,6.11629],[-72.6394,6.1122],[-72.63712,6.10778],[-72.62749,6.11048],[-72.61625,6.10244],[-72.6068,6.10278],[-72.6016,6.10957],[-72.59759,6.11107],[-72.59098,6.10812],[-72.58033,6.11686],[-72.57125,6.11861]]]}},{"type":"Feature","properties":{"codigo_municipio":"15757","municipio":"SOCHA"},"geometry":{"type":"Polygon","coordinates":[[[-72.65416,6.06075],[-72.6503,6.05976],[-72.64656,6.05372],[-72.64116,6.03537],[-72.64562,6.03259],[-72.64434,6.02989],[-72.64706,6.02334],[-72.65245,6.01793],[-72.65734,6.00377],[-72.65696,5.99762],[-72.65407,5.99196],[-72.64766,5.99493],[-72.64673,5.99021],[-72.64484,5.99102],[-72.63465,5.98295],[-72.63261,5.97359],[-72.63963,5.96383],[-72.6435,5.92899],[-72.65225,5.91546],[-72.65053,5.90748],[-72.65697,5.89254],[-72.65274,5.89009],[-72.65321,5.88282],[-72.67336,5.86817],[-72.68451,5.86616],[-72.69509,5.87104],[-72.70147,5.87979],[-72.70389,5.88805],[-72.71021,5.89096],[-72.71195,5.907],[-72.72662,5.9296],[-72.72194,5.93497],[-72.71368,5.93776],[-72.71261,5.94165],[-72.72147,5.94882],[-72.72852,5.94658],[-72.73362,5.95137],[-72.74137,5.97444],[-72.74038,5.98061],[-72.74307,5.98788],[-72.73705,5.99201],[-72.71681,5.99736],[-72.70446,6.00872],[-72.69769,6.02541],[-72.68897,6.03245],[-72.68769,6.03704],[-72.68129,6.03944],[-72.67864,6.04858],[-72.66717,6.05526],[-72.66022,6.05622],[-72.65701,6.06311],[-72.65416,6.06075]]]}},{"type":"Feature","properties":{"codigo_municipio":"15759","municipio":"SOGAMOSO"},"geometry":{"type":"Polygon","coordinates":[[[-72.89818,5.7593],[-72.89537,5.75827],[-72.89117,5.76361],[-72.88544,5.76288],[-72.88317,5.76783],[-72.87755,5.76462],[-72.87589,5.74755],[-72.87109,5.74197],[-72.87248,5.73267],[-72.87849,5.7262],[-72.87121,5.72175],[-72.87537,5.70569],[-72.87106,5.6896],[-72.86016,5.68089],[-72.85354,5.68548],[-72.85214,5.67438],[-72.84371,5.6675],[-72.8339,5.65418],[-72.82432,5.65391],[-72.82483,5.64596],[-72.81724,5.64334],[-72.80316,5.65013],[-72.79134,5.65938],[-72.77081,5.64339],[-72.77787,5.63962],[-72.78814,5.62892],[-72.81106,5.5837],[-72.83644,5.59616],[-72.84375,5.59616],[-72.84743,5.60012],[-72.85891,5.6004],[-72.88254,5.60636],[-72.89745,5.61662],[-72.92301,5.62016],[-72.9285,5.63059],[-72.94147,5.62755],[-72.94771,5.63297],[-72.95736,5.63675],[-72.96716,5.65325],[-72.97112,5.66457],[-72.96597,5.67186],[-72.95883,5.69348],[-72.94699,5.7139],[-72.94393,5.72383],[-72.94658,5.72877],[-72.94563,5.74747],[-72.93445,5.75214],[-72.93117,5.75008],[-72.93353,5.75408],[-72.92806,5.75926],[-72.91214,5.75748],[-72.89974,5.76197],[-72.89818,5.7593]]]}},{"type":"Feature","properties":{"codigo_municipio":"15761","municipio":"SOMONDOCO"},"geometry":{"type":"Polygon","coordinates":[[[-73.37998,5.01649],[-73.37693,5.01591],[-73.3775,5.00861],[-73.38113,5.00615],[-73.38221,4.99914],[-73.38655,4.99643],[-73.39089,4.98078],[-73.39304,4.98043],[-73.40175,4.96166],[-73.41426,4.94894],[-73.41718,4.9493],[-73.42291,4.94484],[-73.43633,4.92345],[-73.43895,4.90748],[-73.45051,4.90924],[-73.45272,4.91132],[-73.45003,4.91104],[-73.44776,4.92134],[-73.44971,4.92293],[-73.45075,4.93464],[-73.45859,4.94046],[-73.46365,4.94003],[-73.46694,4.94415],[-73.46194,4.95624],[-73.46588,4.96485],[-73.47167,4.96961],[-73.46991,4.9804],[-73.45419,4.99176],[-73.43922,4.99781],[-73.43729,5.00302],[-73.43424,5.00326],[-73.42999,5.0083],[-73.42515,5.00976],[-73.4001,5.00699],[-73.3886,5.01525],[-73.37998,5.01649]]]}},{"type":"Feature","properties":{"codigo_municipio":"15762","municipio":"SORA"},"geometry":{"type":"Polygon","coordinates":[[[-73.41031,5.61586],[-73.40619,5.61176],[-73.40617,5.60782],[-73.39534,5.5868],[-73.41416,5.56454],[-73.4225,5.56073],[-73.42883,5.56522],[-73.43454,5.56361],[-73.44183,5.55672],[-73.45483,5.55618],[-73.45719,5.55294],[-73.46157,5.55544],[-73.46912,5.54962],[-73.47657,5.55086],[-73.48559,5.54804],[-73.49052,5.54866],[-73.49045,5.55164],[-73.4989,5.5595],[-73.48557,5.57979],[-73.47243,5.58963],[-73.45236,5.59357],[-73.44334,5.60054],[-73.44329,5.60678],[-73.44011,5.60988],[-73.43405,5.61265],[-73.43152,5.6114],[-73.42015,5.61947],[-73.41539,5.61951],[-73.41031,5.61586]]]}},{"type":"Feature","properties":{"codigo_municipio":"15763","municipio":"SOTAQUIRÁ"},"geometry":{"type":"Polygon","coordinates":[[[-73.18398,5.85045],[-73.17364,5.85156],[-73.16358,5.8478],[-73.15907,5.85216],[-73.14121,5.85189],[-73.12995,5.85481],[-73.1339,5.84659],[-73.13239,5.83435],[-73.13744,5.82111],[-73.1652,5.79114],[-73.17073,5.78841],[-73.16935,5.78318],[-73.17384,5.77203],[-73.1712,5.76947],[-73.17512,5.76622],[-73.17432,5.75988],[-73.16716,5.74932],[-73.16853,5.74488],[-73.15464,5.73625],[-73.15709,5.73078],[-73.15584,5.72737],[-73.17559,5.72396],[-73.18057,5.72522],[-73.17779,5.72104],[-73.18064,5.7163],[-73.19249,5.72462],[-73.19127,5.72869],[-73.20002,5.73386],[-73.20155,5.73768],[-73.19945,5.74156],[-73.20355,5.73656],[-73.2224,5.72807],[-73.23013,5.71485],[-73.24406,5.70689],[-73.24833,5.70805],[-73.2518,5.70465],[-73.25445,5.70632],[-73.26312,5.70343],[-73.26852,5.70421],[-73.27287,5.70905],[-73.2941,5.69655],[-73.29302,5.70309],[-73.30103,5.70925],[-73.30213,5.71522],[-73.30418,5.71435],[-73.3094,5.71785],[-73.31154,5.72482],[-73.31653,5.7284],[-73.325,5.74156],[-73.32979,5.7544],[-73.33573,5.76003],[-73.33624,5.76634],[-73.34212,5.76773],[-73.3454,5.76305],[-73.35522,5.76224],[-73.35949,5.77852],[-73.36695,5.78323],[-73.36965,5.788],[-73.3658,5.7896],[-73.3593,5.79834],[-73.35619,5.81835],[-73.35113,5.82314],[-73.35343,5.83139],[-73.34921,5.83351],[-73.3491,5.84107],[-73.34575,5.84225],[-73.35046,5.85169],[-73.35147,5.87257],[-73.34804,5.87092],[-73.34258,5.86173],[-73.33634,5.85994],[-73.32924,5.85154],[-73.31885,5.85178],[-73.31263,5.85618],[-73.30483,5.85262],[-73.29007,5.85036],[-73.28376,5.85399],[-73.28347,5.86023],[-73.27048,5.85355],[-73.26394,5.84527],[-73.26528,5.83494],[-73.25878,5.83134],[-73.25174,5.81848],[-73.24689,5.81596],[-73.23597,5.81927],[-73.22895,5.82494],[-73.21669,5.82407],[-73.20495,5.82658],[-73.20027,5.83363],[-73.19482,5.83536],[-73.18398,5.85045]]]}},{"type":"Feature","properties":{"codigo_municipio":"15764","municipio":"SORACÁ"},"geometry":{"type":"Polygon","coordinates":[[[-73.31361,5.54311],[-73.30808,5.54324],[-73.30722,5.53905],[-73.29806,5.53486],[-73.29543,5.52508],[-73.28476,5.52417],[-73.28468,5.51759],[-73.2804,5.5142],[-73.27846,5.50627],[-73.28769,5.49686],[-73.28571,5.48392],[-73.31002,5.46581],[-73.31476,5.44356],[-73.31651,5.44324],[-73.31716,5.44784],[-73.32034,5.45001],[-73.33203,5.44035],[-73.33462,5.44136],[-73.33604,5.4467],[-73.34264,5.4485],[-73.33853,5.45367],[-73.33851,5.46837],[-73.35091,5.47581],[-73.36119,5.47411],[-73.35375,5.48171],[-73.34848,5.49235],[-73.35761,5.49822],[-73.34343,5.51851],[-73.34027,5.52656],[-73.33509,5.52405],[-73.3237,5.52596],[-73.32049,5.53018],[-73.31964,5.54343],[-73.31361,5.54311]]]}}]}